0.0,0.0,0.0,0.0,0.0,0.0,0.0,0.0,100.0,100.0,100.0,0.0,0.0,0.0,0.0,0.0,4029.0,4029.0,4029.0,0.0,0.0,0.0,0.0,0.0,0.0,0.0,0.0,0.0,0.0,0.0,0.0,0.0,9,8,10,-1,-1,-1,-1,-1,-1,-1,-1,-1,-1,-1,-1,-1,15090.0,0.0
0.0,0.0,100.0,0.0,0.0,0.0,0.0,0.0,0.0,100.0,100.0,100.0,0.0,0.0,0.0,0.0,4029.0,1762.5426951168488,2266.457304883151,4029.0,4029.0,0.0,0.0,0.0,0.0,0.0,0.0,0.0,0.0,0.0,0.0,0.0,9,10,10,2,11,-1,-1,-1,-1,-1,-1,-1,-1,-1,-1,-1,16530.0,0.0
0.0,0.0,100.0,0.0,0.0,0.0,0.0,0.0,0.0,100.0,100.0,100.0,100.0,0.0,100.0,0.0,4029.0,4029.0,4029.0,1301.6468781976491,4029.0,1824.4685891773338,2204.531410822666,2727.353121802351,0.0,0.0,0.0,0.0,0.0,0.0,0.0,0.0,9,10,12,2,11,14,14,2,-1,-1,-1,-1,-1,-1,-1,-1,19320.0,0.0
0.0,100.0,100.0,0.0,100.0,0.0,0.0,100.0,0.0,100.0,100.0,100.0,100.0,100.0,100.0,0.0,4029.0,2374.3184849075483,4029.0,1617.1720268754789,1654.6815150924517,1886.4240637898733,2142.5759362101267,2411.827973124521,4029.0,4029.0,4029.0,4029.0,4029.0,0.0,0.0,0.0,9,11,12,2,11,14,14,2,10,1,7,4,13,-1,-1,-1,20040.0,0.0
0.0,100.0,100.0,0.0,100.0,0.0,0.0,100.0,0.0,100.0,100.0,100.0,100.0,100.0,100.0,100.0,849.2272002711846,2391.913279017739,4029.0,1597.1386838683554,1637.0867209822613,1886.4240637898733,2142.5759362101267,2431.8613161316443,4029.0,1791.0636652071742,4029.0,4029.0,4029.0,3179.7727997288157,4029.0,2237.9363347928256,9,11,12,2,11,14,14,2,10,1,7,4,13,9,15,1,20039.545793000747,0.0
0.0,100.0,99.97517994539588,0.0,100.0,0.0,0.0,100.0,0.0,100.0,100.0,100.0,100.0,100.0,100.0,100.0,481.94927959643974,2618.375931812335,4029.0,1395.1358110840742,1410.624068187665,1893.1018447568733,2135.898155243127,2633.8641889159253,4029.0,2272.991336252775,4029.0,4029.0,4029.0,3547.0507204035603,4029.0,1756.0086637472252,9,11,12,2,11,14,14,2,10,1,7,4,13,9,15,1,20040.0,1497.2564061969692
0.0,100.0,100.0,0.0,100.0,0.0,0.0,100.0,0.0,100.0,100.0,100.0,100.0,100.0,100.0,100.0,1662.2471394491315,4029.0,4029.0,1181.446821952159,0.0,1859.8989405896627,2169.1010594103373,2847.553178047841,4029.0,1895.9591550451012,4029.0,4029.0,4029.0,4029.0,2366.7528605508687,2133.0408449548986,15,11,12,2,-1,14,14,2,10,1,7,4,13,9,15,1,20010.0,1062.1965052771243
100.0,100.0,100.0,0.0,100.0,0.0,0.0,100.0,0.0,100.0,0.0,100.0,100.0,100.0,100.0,100.0,2096.3029412342785,4029.0,4029.0,1632.1970339896088,0.0,1838.3821531147023,2190.6178468852977,2396.802966010391,4029.0,2009.725634300455,4029.0,4029.0,4029.0,4029.0,1932.697058765722,2019.2743656995447,15,11,12,2,-1,14,14,2,0,1,7,4,13,9,15,1,20010.0,0.0
100.0,100.0,100.0,0.0,100.0,0.0,0.0,100.0,0.0,100.0,0.0,100.0,100.0,100.0,100.0,100.0,1997.8056646776165,4029.0,4029.0,1578.7747866552802,0.0,2014.5,2014.5,2450.22521334472,4029.0,1854.0358826475144,4029.0,4029.0,4029.0,4029.0,2031.1943353223835,2174.964117352486,15,11,12,2,-1,14,14,2,0,1,7,4,13,9,15,1,21390.0,2149.113989461835
100.0,100.0,100.0,0.0,100.0,100.0,100.0,100.0,0.0,100.0,0.0,100.0,100.0,100.0,100.0,100.0,2004.48344591506,4029.0,4029.0,1132.6494512808601,4029.0,4029.0,2896.3505487191396,4029.0,4029.0,2085.788666116554,4029.0,4029.0,4029.0,4029.0,2024.5165540849403,1943.211333883446,15,6,12,11,14,5,11,2,0,1,7,4,13,9,15,1,21390.0,2523.13716750917
100.0,100.0,100.0,0.0,100.0,100.0,100.0,100.0,0.0,100.0,0.0,100.0,100.0,100.0,100.0,100.0,2034.53346436429,4029.0,1700.922720446663,2328.077279553337,4029.0,4029.0,4029.0,4029.0,4029.0,1875.0437305747423,4029.0,4029.0,4029.0,4029.0,1994.4665356357098,2153.9562694252577,15,6,12,12,14,5,11,2,0,1,7,4,13,9,15,1,21390.0,0.0
100.0,100.0,100.0,0.0,100.0,100.0,100.0,100.0,0.0,100.0,0.0,100.0,100.0,100.0,100.0,100.0,2027.8556814322967,4029.0,1321.61742600639,2707.38257399361,4029.0,4029.0,4029.0,4029.0,4029.0,1995.2631935611064,4029.0,4029.0,4029.0,4029.0,2001.1443185677033,2033.7368064388936,15,6,12,12,14,5,11,2,0,1,7,4,13,9,15,1,21390.0,3417.617566352455
100.0,100.0,100.0,0.0,100.0,100.0,100.0,100.0,0.0,100.0,0.0,100.0,100.0,100.0,100.0,100.0,2613.8308964777116,4029.0,1516.3228637613565,4029.0,4029.0,4029.0,2512.6771362386435,4029.0,4029.0,1863.770697658908,4029.0,4029.0,4029.0,4029.0,1415.1691035222882,2165.229302341092,15,6,11,12,14,5,11,2,0,1,7,4,13,9,15,1,20670.0,2699.2030335804384
100.0,100.0,100.0,0.0,100.0,100.0,100.0,100.0,0.0,100.0,0.0,100.0,100.0,0.0,100.0,100.0,4029.0,4029.0,1495.3138690802234,4029.0,2722.102772420794,2704.287787104,2533.6861309197766,4029.0,4029.0,1546.0477428593329,4029.0,4029.0,1306.8972275792062,4029.0,1324.712212896,2482.9522571406674,15,6,11,12,14,5,11,2,0,1,7,4,14,9,5,1,20670.0,0.0
100.0,100.0,100.0,0.0,100.0,100.0,100.0,100.0,0.0,100.0,0.0,100.0,100.0,0.0,100.0,100.0,4029.0,4029.0,1460.4426573761573,4029.0,2716.168997822151,2014.5,2568.5573426238425,4029.0,4029.0,1581.0136705336008,4029.0,4029.0,1312.8310021778489,4029.0,2014.5,2447.986329466399,15,6,11,12,14,5,11,2,0,1,7,4,14,9,5,1,20669.545793000747,1000.9504582483968
100.0,99.97517994539588,100.0,0.0,100.0,100.0,100.0,100.0,0.0,100.0,0.0,100.0,100.0,0.0,100.0,100.0,4029.0,4029.0,1447.8562062521069,4029.0,2093.234667829646,1257.7362085706611,2581.143793747893,4029.0,4029.0,1976.6379871669615,4029.0,4029.0,678.0291235996933,4029.0,4029.0,2052.362012833038,15,6,11,12,14,14,11,2,0,1,7,4,14,9,5,1,20670.0,0.0
100.0,100.0,100.0,0.0,100.0,100.0,100.0,100.0,0.0,100.0,0.0,100.0,100.0,0.0,100.0,100.0,4029.0,4029.0,1430.5238727280598,4029.0,2026.9741653410756,1298.2836818859712,2598.47612727194,4029.0,4029.0,1905.0971856073174,4029.0,4029.0,703.7421527729534,4029.0,4029.0,2123.9028143926826,15,6,11,12,14,14,11,2,0,1,7,4,14,9,5,1,20639.545793000747,2738.1887926855907
100.0,99.97517994539588,100.0,100.0,100.0,100.0,100.0,100.0,0.0,100.0,0.0,100.0,100.0,0.0,100.0,0.0,4029.0,4029.0,1467.0268703546967,4029.0,2135.7722401011206,1184.528617506444,2561.9731296453033,4029.0,4029.0,1942.3864023262558,4029.0,4029.0,708.6991423924354,4029.0,4029.0,2086.6135976737437,3,6,11,12,14,14,11,2,0,1,7,4,14,9,5,1,20639.545793000747,0.0
100.0,99.97517994539588,100.0,100.0,100.0,100.0,100.0,100.0,0.0,100.0,0.0,100.0,100.0,0.0,100.0,0.0,4029.0,4029.0,1501.7291965376799,4029.0,2671.54204505906,934.8170497534422,2527.27080346232,4029.0,4029.0,1743.2340137788492,4029.0,4029.0,422.6409051874979,4029.0,4029.0,2285.7659862211503,3,6,11,12,14,14,11,2,0,1,7,4,14,9,5,1,19949.545793000747,4769.095565684303
100.0,99.97517994539588,100.0,100.0,0.0,100.0,100.0,100.0,0.0,100.0,0.0,100.0,100.0,0.0,100.0,0.0,4029.0,3256.567228098031,1467.3269822619723,4029.0,2048.734387743729,1263.6638974495384,2561.6730177380277,4029.0,4029.0,1737.2500268868134,4029.0,772.4327719019686,716.601714806733,4029.0,4029.0,2291.749973113186,3,6,11,12,14,14,11,2,0,1,7,6,14,9,5,1,19950.0,0.0
100.0,100.0,100.0,100.0,0.0,100.0,100.0,100.0,0.0,100.0,0.0,100.0,100.0,0.0,100.0,0.0,4029.0,2835.866987798428,1210.7014408414052,4029.0,2135.1431066587807,1242.157764179652,2818.298559158595,4029.0,4029.0,1708.9071142617229,4029.0,1193.1330122015722,651.6991291615674,4029.0,4029.0,2320.092885738277,3,6,11,12,14,14,11,2,0,1,7,6,14,9,5,1,19950.0,3345.834507981598
100.0,100.0,100.0,100.0,0.0,100.0,100.0,100.0,0.0,100.0,0.0,100.0,100.0,0.0,100.0,0.0,4029.0,2956.067053204758,747.3910934640019,3281.608906535998,2144.9087318318316,1228.5602859856506,4029.0,4029.0,4029.0,1853.8863998871107,4029.0,1072.9329467952418,655.5309821825181,4029.0,4029.0,2175.1136001128893,3,6,12,12,14,14,11,2,0,1,7,6,14,9,5,1,19950.0,2083.4019391407846
100.0,100.0,100.0,100.0,0.0,100.0,100.0,100.0,0.0,100.0,0.0,100.0,100.0,0.0,100.0,0.0,4029.0,3016.1670809612065,1168.0913337636055,2860.9086662363948,2191.9978122514917,1264.9252128007604,4029.0,4029.0,4029.0,1801.3268295459543,4029.0,1012.8329190387938,572.076974947748,4029.0,4029.0,2227.673170454046,3,6,12,12,14,14,11,2,0,1,7,6,14,9,5,1,19980.0,1696.0414491036468
100.0,100.0,100.0,0.0,0.0,100.0,100.0,100.0,0.0,100.0,0.0,100.0,100.0,0.0,100.0,100.0,4029.0,3118.0032363146784,1047.891268357275,2981.1087316427247,2872.7853080882523,867.5888866858502,4029.0,4029.0,4029.0,2947.0158947034015,4029.0,910.9967636853216,288.62580522589775,4029.0,4029.0,1081.9841052965983,15,6,12,12,14,14,11,2,0,1,7,6,14,9,5,1,18540.0,5295.348839976691
100.0,100.0,100.0,0.0,0.0,100.0,100.0,100.0,0.0,0.0,0.0,0.0,100.0,0.0,100.0,100.0,4029.0,3139.706025613374,1076.2718377483095,2952.7281622516907,3710.442879753881,746.9233028925885,0.0,4029.0,4029.0,4029.0,4029.0,889.2939743866259,-428.3661826464692,0.0,1961.0959369148134,2067.9040630851864,15,6,12,12,14,14,-1,2,0,1,7,6,14,-1,5,5,18599.01712583768,4044.1410820961196
0.0,0.0,100.0,0.0,0.0,100.0,99.97517994539588,100.0,0.0,0.0,0.0,100.0,99.97517994539588,100.0,100.0,100.0,4029.0,3153.061587117175,1176.4385551277683,2852.5614448722313,3042.4981963671694,986.5018036328308,0.0,4029.0,4029.0,4029.0,4029.0,875.9384128828247,0.0,0.0,1934.3939375264488,2094.606062473551,15,6,12,12,14,14,-1,2,11,13,7,6,-1,-1,5,5,18599.545793000747,0.0
0.0,100.0,0.0,0.0,0.0,100.0,99.97517994539588,100.0,100.0,0.0,0.0,100.0,100.0,0.0,100.0,100.0,4029.0,3291.625542129934,1034.535709326833,2994.464290673167,2984.2810044932967,1044.7189955067035,0.0,4029.0,4029.0,4029.0,4029.0,737.3744578700657,0.0,0.0,1992.2482691458333,2036.7517308541665,15,6,12,12,14,14,-1,8,11,1,7,6,-1,-1,5,5,19290.0,901.5124992458038
0.0,100.0,0.0,100.0,0.0,100.0,100.0,100.0,100.0,0.0,0.0,100.0,100.0,100.0,100.0,0.0,4029.0,3335.0311199028724,1144.7190947836675,2884.280905216333,3016.540207150486,1012.4597928495139,0.0,2920.085706537641,4029.0,4029.0,4029.0,693.968880097128,4029.0,1108.9142934623592,2001.1489338315312,2027.8510661684686,3,6,12,12,14,14,-1,8,11,1,7,6,13,8,5,5,19259.471332836933,135.04311706111767
100.0,100.0,0.0,100.0,0.0,100.0,100.0,100.0,99.97517994539588,0.0,0.0,100.0,100.0,0.0,100.0,0.0,4029.0,3134.697692069358,1124.6857510439504,2904.3142489560496,3034.8949746416615,994.1050253583385,0.0,2911.641485561511,4029.0,4029.0,4029.0,894.3023079306422,4029.0,1117.3585144384883,1694.07601133808,2334.92398866192,3,6,12,12,14,14,-1,8,11,1,7,6,0,8,5,5,19229.471332836933,1448.7403312754004
100.0,100.0,0.0,100.0,100.0,100.0,100.0,100.0,100.0,0.0,0.0,0.0,99.97517994539588,0.0,100.0,0.0,4029.0,3121.34212858687,1076.2718375834183,2952.728162416581,3031.5834762188606,997.4165237811396,0.0,2946.1030334219845,4029.0,4029.0,4029.0,907.6578714131306,4029.0,1082.8969665780155,2868.393323987615,1160.6066760123854,3,6,12,12,14,14,-1,8,4,1,7,6,0,8,5,5,19949.471332836933,0.0
100.0,100.0,0.0,100.0,100.0,100.0,100.0,100.0,100.0,100.0,0.0,0.0,100.0,0.0,99.97517994539588,0.0,4029.0,3141.375471502134,1014.5023644328821,3014.497635567118,3007.2903669339494,1021.7096330660502,4029.0,2902.398484410701,4029.0,4029.0,4029.0,887.6245284978663,4029.0,1126.601515589299,2967.898202560859,1061.101797439141,3,6,12,12,14,14,9,8,4,1,7,6,0,8,5,5,19949.471332836933,0.0
100.0,100.0,0.0,100.0,100.0,100.0,100.0,100.0,100.0,100.0,0.0,0.0,99.97517994539588,0.0,100.0,0.0,4029.0,3204.814398785958,892.6328643503498,3136.3671356496498,2417.219656641676,1611.7803433583238,4029.0,3160.631896916587,4029.0,4029.0,4029.0,824.1856012140421,4029.0,868.3681030834134,2883.570094646,1145.4299053539999,3,6,12,12,14,14,9,8,4,1,7,6,0,8,5,5,19980.0,3099.904845941281
100.0,100.0,0.0,100.0,100.0,100.0,100.0,0.0,100.0,100.0,100.0,0.0,100.0,0.0,100.0,0.0,4029.0,3072.9282152912288,882.6161928102724,3146.3838071897276,2267.4009324149392,1761.599067585061,4029.0,3165.1963402604297,4029.0,4029.0,4029.0,956.071784708771,4029.0,863.8036597395705,2935.9470863164597,1093.0529136835403,3,6,12,12,14,14,9,8,4,1,10,6,0,8,5,5,19949.471332836933,0.0
100.0,100.0,0.0,100.0,100.0,100.0,100.0,100.0,100.0,100.0,0.0,0.0,100.0,0.0,99.97517994539588,0.0,4029.0,3209.8227334842086,779.1105800257016,3249.8894199742986,4757.388156407973,-728.3881564079734,4029.0,3093.648682111587,4029.0,4029.0,4029.0,819.1772665157916,4029.0,935.3513178884133,3253.7465267350635,775.2534732649362,3,6,12,12,14,14,9,8,4,1,7,6,0,8,5,5,19950.0,3144.437716168832
100.0,100.0,0.0,100.0,100.0,100.0,100.0,100.0,100.0,100.0,0.0,0.0,100.0,0.0,100.0,0.0,4029.0,3385.114482549975,755.7383572050378,3273.2616427949624,4029.0,0.0,4029.0,1745.996612354361,1553.1489577047544,4029.0,4029.0,643.8855174500247,4029.0,2283.003387645639,4029.0,2475.8510422952454,3,6,12,12,14,-1,9,8,4,1,7,6,0,8,5,4,21420.0,2752.290708625973
100.0,100.0,0.0,0.0,100.0,100.0,100.0,100.0,100.0,100.0,100.0,100.0,100.0,0.0,100.0,100.0,4029.0,1405.1524311577582,635.538291304036,3393.461708695964,4029.0,0.0,4029.0,4029.0,4029.0,4029.0,4029.0,2623.847568842242,4029.0,4029.0,4029.0,4029.0,15,6,12,12,14,-1,9,11,10,1,7,6,0,8,5,4,20700.0,6180.8955831227695
100.0,100.0,0.0,0.0,100.0,100.0,100.0,100.0,0.0,100.0,100.0,100.0,100.0,0.0,100.0,100.0,2987.058748908782,1756.5131567700835,832.5328283493739,3196.4671716506264,4029.0,1876.5398410980524,4029.0,4029.0,4029.0,4029.0,2272.4868432299163,4029.0,4029.0,1041.9412510912184,4029.0,2152.4601589019476,15,7,12,12,14,4,9,11,10,1,7,6,0,15,5,4,20700.0,0.0
100.0,100.0,0.0,0.0,100.0,100.0,100.0,100.0,0.0,100.0,100.0,100.0,100.0,0.0,100.0,100.0,2917.2106035948,2069.8610537549475,926.021770748102,3102.978229251898,4029.0,1866.155730746921,4029.0,4029.0,4029.0,4029.0,1959.1389462450522,4029.0,4029.0,1111.7893964052,4029.0,2162.844269253079,15,7,12,12,14,4,9,11,10,1,7,6,0,15,5,4,20700.0,0.0
100.0,100.0,0.0,0.0,100.0,100.0,100.0,100.0,0.0,100.0,100.0,100.0,100.0,0.0,100.0,100.0,3096.2984250155914,2224.5774495849614,824.1856035225098,3204.8143964774904,4029.0,1879.506729378158,4029.0,4029.0,4029.0,4029.0,1804.4225504150384,4029.0,4029.0,932.7015749844088,4029.0,2149.493270621842,15,7,12,12,14,4,9,11,10,1,7,6,0,15,5,4,20009.471332836933,3316.958875076799
100.0,100.0,0.0,0.0,100.0,100.0,0.0,100.0,0.0,99.97517994539588,100.0,100.0,100.0,100.0,0.0,100.0,3258.6916190158,1902.6369744972144,2450.2252478570554,1578.774752142945,4029.0,1867.6391757094302,2674.481974440865,4029.0,4029.0,4029.0,2126.3630255027856,1354.5180255591345,4029.0,770.3083809842003,4029.0,2161.3608242905702,15,7,12,12,13,4,9,11,10,1,7,9,0,15,5,4,20010.0,6820.459328278973
100.0,100.0,0.0,0.0,100.0,100.0,0.0,100.0,0.0,100.0,100.0,100.0,100.0,100.0,0.0,100.0,3243.4804361691786,2073.164588658282,4029.0,0.0,4029.0,1698.526577189919,2761.6559991424674,4029.0,4029.0,4029.0,1955.835411341718,1267.3440008575324,4029.0,785.5195638308212,4029.0,2330.473422810081,15,7,12,-1,13,4,9,11,10,1,7,9,0,15,5,4,20010.0,0.0
100.0,100.0,0.0,0.0,100.0,100.0,0.0,100.0,0.0,100.0,100.0,100.0,100.0,100.0,0.0,100.0,3263.1762015655922,2321.4805886845534,4029.0,0.0,4029.0,2326.02332698305,4537.838405074305,4029.0,4029.0,4029.0,1707.5194113154464,-508.83840507430523,4029.0,765.8237984344082,4029.0,1702.97667301695,15,7,12,-1,13,4,9,11,10,1,7,9,0,15,5,4,20009.471332836933,1499.721373234679
100.0,100.0,0.0,0.0,100.0,100.0,0.0,100.0,0.0,100.0,100.0,100.0,100.0,100.0,0.0,99.97517994539588,4958.825199629955,2488.1249995538465,4029.0,0.0,4029.0,4029.0,4029.0,2297.480624389963,4029.0,4029.0,1540.8750004461535,0.0,4029.0,-929.8251996299555,4029.0,1731.519375610037,15,7,12,-1,13,4,9,11,10,1,7,-1,0,15,5,11,20040.0,3471.8544256997798
100.0,100.0,0.0,0.0,0.0,100.0,0.0,100.0,100.0,100.0,100.0,100.0,100.0,100.0,0.0,100.0,4029.0,1773.640111938111,4029.0,1659.9544138285632,4029.0,4029.0,4029.0,1453.7804189540825,4029.0,4029.0,1080.9354524587532,1174.4244356031356,4029.0,0.0,4029.0,915.2651672173542,15,7,12,11,13,8,9,11,10,1,7,7,0,-1,5,11,20039.471332836933,0.0
100.0,100.0,0.0,0.0,0.0,100.0,0.0,100.0,100.0,100.0,100.0,99.97517994539588,100.0,100.0,0.0,100.0,3266.752650204545,1002.382287863017,4029.0,1888.0328493513218,4029.0,4029.0,4029.0,1365.5177531807221,4029.0,4029.0,2700.284387517819,326.33332461916405,4029.0,762.2473497954555,4029.0,775.4493974679555,15,7,12,11,13,8,9,11,10,1,7,7,0,15,5,11,20040.0,4743.703610416868
100.0,100.0,0.0,0.0,0.0,100.0,0.0,100.0,100.0,100.0,100.0,100.0,100.0,100.0,0.0,100.0,2911.9155486687446,1450.3185183862136,4029.0,1985.825960555605,4029.0,4029.0,4029.0,730.8319842074152,4029.0,4029.0,1808.538181782122,770.1432998316643,4029.0,1117.0844513312554,4029.0,1312.3420552369796,15,7,12,11,13,8,9,11,10,1,7,7,0,15,5,11,20730.0,3115.8545697970776
100.0,100.0,100.0,0.0,0.0,100.0,0.0,100.0,100.0,100.0,100.0,100.0,100.0,100.0,0.0,100.0,2997.5137359367,668.3136700046216,4029.0,2358.6591743840104,4029.0,4029.0,4029.0,4029.0,4029.0,4029.0,2793.8631095254736,566.8232204699048,4029.0,1031.4862640632998,4029.0,1670.3408256159898,15,7,12,11,13,8,9,2,10,1,7,7,0,15,5,11,20009.545793000747,3302.067959947568
100.0,100.0,100.0,0.0,0.0,100.0,0.0,99.97517994539588,100.0,100.0,0.0,100.0,100.0,100.0,0.0,100.0,5028.639096116027,615.8811619098439,4029.0,2320.0896213440346,4029.0,4029.0,4029.0,4029.0,0.0,4029.0,3172.3323065570266,240.78653153312928,4029.0,-999.6390961160264,4029.0,1708.9103786559656,15,7,12,11,13,8,9,2,-1,1,7,7,0,15,5,11,20730.0,899.9999999999999
100.0,100.0,100.0,0.0,0.0,100.0,0.0,100.0,100.0,100.0,0.0,100.0,100.0,100.0,100.0,100.0,4029.0,1107.765416888497,4029.0,2354.208840419072,4029.0,4029.0,4029.0,4029.0,4029.0,4029.0,2886.3234934916404,34.91108961986254,4029.0,0.0,4029.0,1674.7911595809278,15,7,12,11,13,8,9,2,14,1,7,7,0,-1,5,11,20729.471332836933,0.0
100.0,100.0,100.0,0.0,0.0,100.0,0.0,100.0,100.0,100.0,0.0,99.97517994539588,100.0,100.0,100.0,100.0,4029.0,1539.9224013161893,4029.0,2294.8710748494714,4029.0,4029.0,4029.0,4029.0,4029.0,4029.0,3394.784254548643,-905.7066558648321,4029.0,0.0,4029.0,1734.1289251505282,15,7,12,11,13,8,9,2,14,1,7,7,0,-1,5,11,20010.0,2506.255162728696
100.0,100.0,100.0,0.0,0.0,100.0,0.0,100.0,100.0,100.0,0.0,100.0,100.0,0.0,100.0,100.0,4029.0,887.2970609039494,4029.0,1272.7867447095564,940.4948529518579,4029.0,4029.0,4029.0,4029.0,4029.0,3141.7029390960506,1171.9122411851881,4029.0,0.0,4029.0,643.8061611533979,15,7,12,11,11,8,9,2,14,1,7,11,0,-1,5,11,20010.0,1298.797092867137
100.0,100.0,100.0,0.0,0.0,100.0,0.0,100.0,100.0,100.0,0.0,100.0,100.0,0.0,100.0,100.0,4029.0,1317.5255284711884,4029.0,1148.9191784683608,754.3226201170265,4029.0,2977.363607129905,4029.0,4029.0,4029.0,2711.4744715288116,1703.726930120324,4029.0,1051.636392870095,4029.0,422.0312712942887,15,7,12,11,11,8,9,2,14,1,7,11,0,9,5,11,20010.0,4686.1718153470465
0.0,100.0,100.0,0.0,100.0,100.0,0.0,100.0,0.0,100.0,0.0,100.0,100.0,100.0,100.0,100.0,4029.0,1224.7303889077343,4029.0,1200.8397111126876,859.6471506537207,4029.0,2920.2304652606526,4029.0,4029.0,4029.0,2804.2696110922657,1441.1573360169132,4029.0,1108.7695347393474,4029.0,527.3558022166787,15,7,12,11,11,4,9,2,14,1,7,11,13,9,5,11,20009.471332836933,0.0
0.0,100.0,100.0,0.0,100.0,100.0,0.0,100.0,0.0,100.0,0.0,99.97517994539588,100.0,100.0,100.0,100.0,4029.0,3012.743887281615,4029.0,1183.0383771286354,874.4815927312155,4029.0,1764.083208089,4029.0,4029.0,4029.0,1016.256112718385,1444.1242260477688,4029.0,2264.916791911,4029.0,527.3558040923799,15,7,12,11,11,4,9,2,14,1,7,11,13,9,5,11,20700.0,6979.871170252888
0.0,100.0,100.0,0.0,100.0,100.0,100.0,100.0,0.0,100.0,0.0,100.0,100.0,100.0,100.0,100.0,4029.0,2567.824843130923,4029.0,1316.5483422043594,999.0908935103607,4029.0,4029.0,4029.0,4029.0,4029.0,1461.175156869077,1049.528107715155,4029.0,4029.0,4029.0,663.8326565701251,15,7,12,11,11,4,6,2,14,1,7,11,13,9,5,11,19979.01712583768,3907.4346490356766
0.0,100.0,100.0,0.0,100.0,100.0,100.0,99.97517994539588,0.0,100.0,100.0,99.97517994539588,100.0,100.0,0.0,0.0,0.0,2547.1707347630427,4029.0,1231.250321438714,857.4219816146841,4029.0,4029.0,4029.0,4029.0,4029.0,1481.8292652369569,1388.4950699400886,4029.0,4029.0,4029.0,551.8326270065129,-1,7,12,11,11,4,6,2,10,1,7,11,13,9,5,11,19979.471332836933,1141.123003058568
0.0,100.0,100.0,0.0,100.0,100.0,100.0,100.0,0.0,0.0,100.0,99.97517994539588,100.0,100.0,0.0,100.0,4029.0,2482.697964676354,4029.0,1126.667544790931,1005.0246258314062,4029.0,4029.0,4029.0,4029.0,4029.0,1546.302035323646,1571.700415447071,4029.0,0.0,4029.0,325.60741393059095,15,7,12,11,11,4,6,2,10,1,7,11,13,-1,5,11,20009.545793000747,2508.8062805025934
0.0,100.0,0.0,0.0,100.0,100.0,100.0,99.97517994539588,100.0,0.0,100.0,100.0,100.0,100.0,0.0,100.0,4029.0,2540.095847495102,4029.0,1439.6742348620528,935.3027874883198,4029.0,4029.0,4029.0,2321.678005026187,4029.0,1488.9041525048974,1650.3229379472054,4029.0,1707.3219949738132,4029.0,3.700039702422032,15,7,12,11,11,4,6,8,10,1,7,11,13,10,5,11,18600.0,3414.4616108854148
0.0,0.0,0.0,0.0,100.0,100.0,100.0,100.0,100.0,0.0,100.0,100.0,0.0,100.0,0.0,100.0,4029.0,1551.6655138388533,1722.3471571181578,1477.828417792253,994.2251900469968,4029.0,4029.0,2306.652842881842,2321.6780060360697,1951.6955310599444,2477.3344861611467,979.3908674355624,4029.0,1707.3219939639303,2077.304468940056,577.5555247251879,15,7,8,11,11,4,6,8,10,5,7,11,13,10,5,11,18599.471332836933,6785.044886942048
0.0,0.0,0.0,0.0,100.0,100.0,100.0,100.0,100.0,0.0,100.0,99.97517994539588,0.0,100.0,0.0,100.0,4029.0,0.0,1266.588571144211,1499.0593704275193,935.3501430907806,4029.0,4029.0,2762.411428855789,2346.7196893037894,1954.6624193212224,4029.0,1068.8602260997673,4029.0,1682.2803106962103,2074.3375806787776,525.7302603819327,15,-1,8,11,11,4,6,8,10,5,7,11,13,10,5,11,18600.0,1405.8009664336596
0.0,0.0,0.0,0.0,100.0,100.0,100.0,100.0,100.0,0.0,100.0,100.0,0.0,0.0,100.0,100.0,4029.0,1474.6843676130904,1365.085848220649,1816.89752088874,1312.5260603009401,4029.0,3203.537640438209,2663.9141517793514,2350.0585767256885,825.462359561791,1247.6395953815843,1306.676037005325,4029.0,1678.9414232743115,4029.0,899.5764188103201,15,7,8,11,11,4,6,8,10,6,7,7,14,10,5,11,18600.0,0.0
0.0,0.0,0.0,0.0,100.0,100.0,100.0,100.0,100.0,0.0,100.0,100.0,0.0,0.0,100.0,100.0,4029.0,1345.393474369592,1178.10797067039,1840.8836673755052,1294.9757796436463,4029.0,3137.923761594521,2850.8920293296105,2358.4058026862467,891.076238405479,984.793081476679,1698.8134441537288,4029.0,1670.5941973137533,4029.0,893.1405529808485,15,7,8,11,11,4,6,8,10,6,7,7,14,10,5,11,18600.0,0.0
0.0,0.0,0.0,0.0,100.0,100.0,100.0,100.0,100.0,0.0,100.0,100.0,0.0,0.0,100.0,100.0,4029.0,1530.329499577865,1430.1942146070455,1809.6088533378854,1311.1711902371346,4029.0,3135.9838707725894,2598.8057853929545,2343.380795149335,893.0161292274104,1169.7291066849518,1328.941393737183,4029.0,1685.619204850665,4029.0,908.21995642498,15,7,8,11,11,4,6,8,10,6,7,7,14,10,5,11,17910.0,1540.4324705609804
0.0,0.0,0.0,0.0,100.0,0.0,100.0,100.0,100.0,0.0,100.0,100.0,0.0,0.0,100.0,100.0,4029.0,1355.0350984789677,1030.2573287365726,1785.5017424933155,1322.6667420847411,4029.0,3298.0216264162354,2455.9634812007303,2585.45032477821,730.9783735837648,991.0958170846645,1682.8690844363678,4029.0,1443.54967522179,542.7791900626972,920.8315154219433,15,7,8,11,11,4,6,8,10,6,7,7,14,10,8,11,17909.545793000747,1855.2129383949625
0.0,0.0,0.0,0.0,100.0,0.0,99.97517994539588,100.0,100.0,0.0,100.0,100.0,0.0,0.0,100.0,100.0,4029.0,1468.88372356001,1091.470328869359,1790.8185577627714,1322.0497818905928,4029.0,3170.3313105076686,2370.2652859394084,4029.0,858.668689492331,1161.7055790638,1398.41069737619,4029.0,0.0,567.2643851912325,916.1316603466358,15,7,8,11,11,4,6,8,10,6,7,7,14,-1,8,11,17910.0,2905.669367132543
0.0,0.0,0.0,0.0,100.0,0.0,100.0,100.0,100.0,0.0,0.0,100.0,0.0,100.0,100.0,100.0,4029.0,1464.9552840235792,976.8350760964574,867.62012716317,1769.5539976310456,4029.0,3179.688420598056,2526.0801831507197,4029.0,849.3115794019438,1057.6103972728292,1506.4343187035913,4029.0,0.0,526.084740752823,1391.8258752057845,15,7,8,11,11,4,6,8,13,6,7,7,14,-1,8,11,18600.0,6720.726609039721
0.0,100.0,0.0,0.0,100.0,0.0,100.0,100.0,100.0,0.0,0.0,100.0,0.0,100.0,100.0,100.0,4029.0,1471.9715679357057,1050.2906812000836,4029.0,2317.961241270135,4029.0,3549.52248212846,2526.0801857064284,4029.0,479.47751787153993,1181.4878771784024,1375.5405548858914,4029.0,0.0,452.62913309348806,1711.038758729865,15,7,8,1,11,4,6,8,13,6,7,7,14,-1,8,11,20009.471332836933,1503.6162636480726
0.0,100.0,0.0,0.0,100.0,100.0,100.0,100.0,0.0,100.0,0.0,99.97517994539588,100.0,100.0,100.0,100.0,2703.9809875050933,1318.797220811423,1707.3221245492623,2321.6778754507377,2468.4338229657396,4029.0,4029.0,4029.0,4029.0,4029.0,1118.4635704658058,1591.7392087227715,4029.0,1325.0190124949067,4029.0,1560.56617703426,15,7,12,12,11,4,6,9,13,1,7,7,14,15,5,11,19318.942665673865,3457.531250928348
0.0,100.0,0.0,0.0,0.0,100.0,100.0,100.0,0.0,100.0,0.0,100.0,99.97517994539588,100.0,100.0,99.97517994539588,4019.5038773319166,1458.1321795972979,1139.0348474997613,1663.2405440246325,4029.0,1226.7246084756057,4029.0,4029.0,4029.0,2875.933729755076,1130.9206902179778,1439.9471301847243,4029.0,9.49612266808299,4029.0,1153.066270244924,15,7,12,12,11,12,6,9,13,1,7,7,14,15,5,1,18600.0,5541.9097692707355
0.0,100.0,0.0,0.0,0.0,100.0,100.0,100.0,0.0,100.0,0.0,0.0,100.0,100.0,100.0,100.0,3062.911725513035,1320.297403128418,1120.2445456181067,1601.0446736010576,2374.977164989262,1307.7107807808356,4029.0,4029.0,1654.0228350107382,2425.1835212870214,959.6970122176149,1749.005584653967,4029.0,966.0882744869652,4029.0,1603.8164787129783,15,7,12,12,13,12,6,9,13,1,7,7,14,15,5,1,18600.0,815.0380115214903
0.0,100.0,0.0,0.0,0.0,100.0,100.0,100.0,0.0,100.0,100.0,0.0,100.0,100.0,0.0,100.0,3283.278503578047,1562.717269348908,1183.1753032502636,1637.2642969856684,2358.6592780596607,1208.5603997640683,4029.0,4029.0,1670.3407219403393,2203.147307473163,1225.4891065369777,1240.7936241141142,4029.0,745.7214964219529,4029.0,1825.8526925268372,15,7,12,12,13,12,6,9,13,1,7,7,10,15,5,1,18600.0,0.0
0.0,100.0,0.0,0.0,0.0,100.0,100.0,100.0,0.0,100.0,100.0,0.0,100.0,100.0,0.0,100.0,2685.6170902406675,1503.621421553373,784.6102705708282,1839.6997030218504,2161.3612356360213,1404.6900264073213,4029.0,4029.0,1867.638764363979,2309.9918013384786,1213.1377255104428,1312.240852936184,4029.0,1343.3829097593323,4029.0,1719.0081986615216,15,7,12,12,13,12,6,9,13,1,7,7,10,15,5,1,18600.0,4076.7623381752687
0.0,100.0,0.0,0.0,0.0,100.0,100.0,100.0,0.0,100.0,100.0,0.0,100.0,100.0,0.0,100.0,2822.511603944516,1380.0010812044948,2124.6834700650884,2213.2735010410356,2825.9440958185105,1815.7264989589644,4029.0,4029.0,1203.0559041814895,2321.6779178549973,1069.4840462247848,1579.5148725707204,1904.3165299349116,1206.488396055484,4029.0,1707.322082145003,15,7,10,12,13,12,6,9,13,1,7,7,10,15,5,1,19290.0,2328.9301722239056
0.0,100.0,0.0,0.0,100.0,100.0,100.0,100.0,0.0,100.0,100.0,0.0,100.0,100.0,0.0,100.0,3001.1422511312394,2077.556051724733,2131.361250189378,2240.35206482982,4029.0,1788.64793517018,4029.0,4029.0,4029.0,2281.611232655504,975.7219741376333,975.7219741376333,1897.6387498106221,1027.8577488687604,4029.0,1747.3887673444963,15,7,10,12,13,12,6,9,4,1,7,7,10,15,5,1,19290.0,5540.31659772793
0.0,100.0,0.0,0.0,100.0,100.0,100.0,100.0,0.0,100.0,100.0,0.0,100.0,100.0,0.0,100.0,3249.8895986859916,1996.1362775623552,2166.4195996898666,2265.5751824015356,4029.0,1763.4248175984642,4029.0,4029.0,2567.180085204419,2707.3197649079057,2032.8637224376448,1461.819914795581,1862.5804003101334,779.1104013140084,4029.0,1321.6802350920946,15,7,10,12,13,12,6,9,4,1,7,4,10,15,5,1,19290.0,4478.4668639623815
0.0,100.0,100.0,0.0,100.0,100.0,0.0,100.0,0.0,0.0,100.0,0.0,100.0,100.0,100.0,100.0,1435.2025658531184,1992.7973859012282,2169.758490768456,2155.6051706674134,3113.7186181317466,1873.3948293325866,4029.0,4029.0,2548.267309416647,4029.0,2036.2026140987718,1480.7326905833527,1859.241509231544,2593.7974341468816,4029.0,915.2813818682536,15,7,10,12,13,12,14,2,4,1,7,4,10,15,5,13,20009.471332836933,5846.371208580779
0.0,100.0,100.0,0.0,100.0,100.0,0.0,100.0,100.0,0.0,100.0,0.0,99.97517994539588,100.0,100.0,100.0,4029.0,1992.7973869350749,2163.0807080304517,2126.122283740904,2766.220622362508,1902.8777162590955,4029.0,4029.0,2570.5189756639556,4029.0,2036.2026130649253,1458.4810243360444,1865.9192919695483,4029.0,4029.0,1262.7793776374922,8,7,10,12,13,12,14,2,4,1,7,4,10,15,5,13,20009.471332836933,0.0
0.0,100.0,100.0,0.0,100.0,100.0,0.0,100.0,100.0,0.0,100.0,0.0,100.0,99.97517994539588,100.0,100.0,4029.0,1438.5414559634748,2134.7001395254906,2172.109059891458,2796.275207488766,1856.890940108542,4029.0,4029.0,2557.1679759155704,4029.0,2590.4585440365254,1471.8320240844293,1894.2998604745094,4029.0,4029.0,1232.7247925112338,8,7,10,12,13,12,14,2,4,1,7,4,10,15,5,13,20729.471332836933,3023.0080916860475
0.0,100.0,100.0,0.0,100.0,100.0,0.0,100.0,100.0,0.0,99.97517994539588,100.0,100.0,100.0,100.0,100.0,4029.0,1824.4685891773338,2552.061416896443,2014.5,4029.0,2014.5,4029.0,4029.0,2586.836864245315,4029.0,4029.0,1442.163135754685,1476.9385831035565,4029.0,4029.0,2204.531410822666,8,11,10,12,13,12,14,2,4,1,7,4,10,15,5,11,19319.545793000747,2387.98962313145
0.0,100.0,0.0,0.0,99.97517994539588,100.0,0.0,100.0,0.0,0.0,100.0,100.0,100.0,100.0,100.0,100.0,1684.2352537972738,1821.6523565378466,4029.0,2207.3476434621534,4029.0,1028.3277683824997,1888.0409439257328,4029.0,2384.1963075163817,2254.900133389289,4029.0,616.4759241011185,2140.959056074267,2344.764746202726,4029.0,1774.0998666107112,15,12,10,12,13,4,14,1,4,11,7,4,14,15,5,11,19320.0,0.0
0.0,100.0,0.0,0.0,100.0,100.0,0.0,100.0,0.0,0.0,100.0,100.0,100.0,100.0,100.0,100.0,1657.709926698195,1840.9371294054233,4029.0,2188.0628705945765,4029.0,1257.519169647367,1794.9787721404084,4029.0,1922.102611799376,2254.900133389289,4029.0,849.378218553257,2234.021227859592,2371.290073301805,4029.0,1774.0998666107112,15,12,10,12,13,4,14,1,4,11,7,4,14,15,5,11,19319.545793000747,0.0
0.0,0.0,100.0,0.0,99.97517994539588,100.0,0.0,100.0,0.0,0.0,100.0,100.0,100.0,100.0,100.0,100.0,1677.7432741933085,1858.7384582062632,4029.0,2170.261541793737,4029.0,1259.494053408727,1939.5894961915567,4029.0,1894.408608332164,2208.1556650136044,4029.0,875.0973382591087,2089.4105038084435,2351.256725806692,4029.0,1820.8443349863956,15,12,10,12,13,4,14,2,4,11,7,4,14,15,5,11,19320.0,0.0
0.0,0.0,100.0,0.0,100.0,100.0,0.0,100.0,0.0,0.0,100.0,100.0,100.0,100.0,100.0,100.0,2263.7186884253733,1603.5860782203324,4029.0,2425.4139217796674,4029.0,1277.7944292343834,1940.3335008140148,4029.0,1900.8414299270944,2179.775096004272,4029.0,850.3641408385222,2088.6664991859852,1765.2813115746267,4029.0,1849.2249039957278,15,12,10,12,13,4,14,2,4,11,7,4,14,15,5,11,20040.0,3803.889512490195
0.0,0.0,0.0,0.0,100.0,100.0,100.0,100.0,0.0,100.0,100.0,100.0,100.0,100.0,100.0,100.0,4029.0,1396.8052419752112,4029.0,4029.0,4029.0,1270.4996884657771,1973.1552791323477,4029.0,1899.4804646220928,2196.4695495263677,4029.0,859.0198469121306,2055.8447208676525,2632.194758024789,4029.0,1832.530450473632,15,6,10,12,13,4,14,9,4,11,7,4,14,6,5,11,19319.471332836933,2896.408557615261
0.0,0.0,0.0,0.0,100.0,100.0,100.0,100.0,0.0,100.0,99.97517994539588,100.0,100.0,0.0,100.0,100.0,4029.0,1970.555843855865,1433.9449762720856,4029.0,2595.055023727914,1276.6814650137565,1388.4864562423923,4029.0,1902.6953556406136,2219.8417831619126,4029.0,849.6231793456298,2640.5135437576077,2058.444156144135,4029.0,1809.1582168380876,15,6,10,12,10,4,14,9,4,11,7,4,14,6,5,11,19320.0,2245.133034705874
0.0,0.0,0.0,0.0,100.0,100.0,100.0,100.0,0.0,100.0,100.0,100.0,100.0,0.0,100.0,100.0,4029.0,1913.0621057228145,1743.3549123940102,4029.0,2285.64508760599,1518.8532992056003,0.0,4029.0,1765.1055491500515,2169.7584259596215,4029.0,745.0411516443481,4029.0,2115.9378942771855,4029.0,1859.2415740403785,15,6,10,12,10,4,-1,9,4,11,7,4,14,6,5,11,18600.0,1856.7453379302262
0.0,0.0,0.0,0.0,100.0,100.0,100.0,100.0,0.0,100.0,100.0,100.0,0.0,0.0,100.0,100.0,4029.0,2065.8271975121534,1968.643278909618,0.0,2060.356721090382,1269.6347245954098,0.0,4029.0,1910.483058285968,2673.9308903237616,4029.0,848.8822171186221,4029.0,1963.1728024878466,4029.0,1355.069109676239,15,6,10,-1,10,4,-1,9,4,11,7,4,14,6,5,11,18600.0,4092.728617766471
0.0,0.0,0.0,0.0,100.0,100.0,100.0,100.0,0.0,100.0,100.0,100.0,0.0,0.0,100.0,100.0,4029.0,1618.5357482435325,1836.1762761508487,2520.3418729282967,2192.823723849151,1447.8298401181491,2357.7038174110503,4029.0,2070.876843013204,1508.6581270717036,4029.0,510.2933168686468,1671.2961825889495,1509.915621700076,900.5486300563915,4029.0,15,6,10,11,10,4,14,9,4,11,7,4,14,6,6,5,18600.0,4098.197797673193
0.0,0.0,0.0,0.0,100.0,100.0,100.0,100.0,0.0,100.0,100.0,100.0,0.0,0.0,100.0,100.0,1700.010027945849,1600.5708589479902,1322.0921459158346,2092.9638986720474,2706.9078540841656,1707.4268312513477,2055.711107568569,4029.0,2321.5731687486523,1936.0361013279523,4029.0,2328.9899720541507,1973.2888924314311,1516.8611843963995,911.5679566556103,4029.0,15,6,10,11,10,4,14,9,4,11,7,15,14,6,6,5,18600.0,0.0
0.0,0.0,0.0,0.0,100.0,100.0,100.0,100.0,0.0,100.0,100.0,100.0,0.0,0.0,100.0,100.0,1679.2418077239947,1545.7496031518435,1771.9169172198813,1832.5304431431343,2257.083082780119,1729.6784925433813,2098.9261206298033,4029.0,2299.3215074566187,2196.469556856866,4029.0,2349.758192276005,1930.0738793701964,1566.7094744089159,916.5409224392404,4029.0,15,6,10,11,10,4,14,9,4,11,7,15,14,6,6,5,18599.545793000747,1793.264229397863
0.0,0.0,0.0,0.0,100.0,100.0,99.97517994539588,100.0,0.0,100.0,100.0,100.0,0.0,0.0,100.0,100.0,1717.8113606219024,1540.2715111933896,1715.5277817520791,1962.7471710958744,2313.472218247921,1697.042723639454,2301.114994175445,4029.0,2331.957276360546,2066.2528289041256,4029.0,2311.188639378098,1727.8850058245548,1613.040099212284,875.688389594326,4029.0,15,6,10,11,10,4,14,9,4,11,7,15,14,6,6,5,18599.471332836933,0.0
0.0,0.0,0.0,0.0,100.0,100.0,100.0,100.0,0.0,100.0,100.0,100.0,0.0,0.0,100.0,99.97517994539588,2026.3677998948306,1463.5896124290769,1401.1186404084654,2577.103038009552,2627.8813595915344,2471.4007106975423,2475.4904254332505,4029.0,1557.5992893024577,1451.8969619904478,4029.0,2002.632200105169,1553.5095745667497,1607.7894697702993,957.6209178006238,4029.0,15,6,10,11,10,4,14,9,4,11,7,15,14,6,6,5,20700.0,4700.778511035753
100.0,100.0,0.0,0.0,100.0,100.0,100.0,100.0,0.0,100.0,100.0,100.0,100.0,0.0,100.0,100.0,1685.1755834591834,1573.2184266431786,4029.0,4029.0,4029.0,4029.0,2673.9308655331224,4029.0,4029.0,4029.0,4029.0,2343.8244165408164,1355.0691344668776,1518.846717698162,936.9348556586597,4029.0,15,6,12,11,10,4,14,9,0,1,7,15,14,6,6,5,20699.471332836933,4064.47125661287
100.0,100.0,0.0,0.0,100.0,100.0,100.0,100.0,0.0,100.0,100.0,100.0,100.0,0.0,99.97517994539588,100.0,1695.5596892259007,1501.5954548637433,4029.0,4029.0,4029.0,4029.0,2191.4611413650955,4029.0,4029.0,4029.0,4029.0,2333.4403107740995,1837.538858634904,1603.4395537141763,923.9649914220806,4029.0,15,6,12,11,10,4,14,9,0,1,7,15,14,6,6,5,19980.0,3299.061320561594
100.0,100.0,0.0,0.0,100.0,100.0,100.0,100.0,0.0,100.0,100.0,100.0,0.0,0.0,100.0,100.0,1667.3742504613367,1209.0009094887594,0.0,4029.0,4029.0,4029.0,2498.639063702378,4029.0,4029.0,4029.0,4029.0,2361.625749538663,1530.3609362976224,1680.3778264930284,1139.6212640182123,4029.0,15,6,-1,11,10,4,14,9,0,1,7,15,14,6,6,5,20010.0,1818.5694188472419
100.0,100.0,0.0,0.0,100.0,0.0,100.0,100.0,0.0,100.0,100.0,100.0,100.0,0.0,100.0,100.0,268.48646916499933,1340.3579969696666,4029.0,4029.0,4029.0,4029.0,2351.7278822138487,4029.0,4029.0,4029.0,4029.0,3760.513530835001,1677.272117786151,1650.6785084358987,1037.9634945944345,0.0,15,6,12,11,10,4,14,9,0,1,7,15,14,6,6,-1,20009.471332836933,0.0
100.0,100.0,0.0,0.0,100.0,0.0,100.0,100.0,0.0,100.0,100.0,100.0,100.0,0.0,99.97517994539588,100.0,-1166.0041390236975,1707.7842917060143,4029.0,4029.0,4029.0,4029.0,2107.988878256301,4029.0,4029.0,4029.0,4029.0,5195.0041390236975,1921.0111217436984,1788.3192839235353,532.8964243704507,0.0,15,6,12,11,10,4,14,9,0,1,7,15,14,6,6,-1,20699.471332836933,2231.603434713551
100.0,100.0,0.0,0.0,100.0,100.0,100.0,100.0,0.0,100.0,100.0,100.0,100.0,0.0,99.97517994539588,100.0,0.0,4029.0,4029.0,4029.0,4029.0,4029.0,1956.0693637184281,4029.0,4029.0,4029.0,1235.6919437427084,4029.0,2072.9306362815714,1974.43330626956,2054.56669373044,2793.3080562572914,-1,6,12,11,10,4,14,9,0,1,7,15,14,5,5,7,21390.0,3816.994838792477
100.0,100.0,100.0,0.0,100.0,100.0,100.0,100.0,0.0,100.0,100.0,100.0,100.0,0.0,100.0,100.0,4029.0,4029.0,4029.0,4029.0,4029.0,4029.0,1996.136050208518,4029.0,4029.0,4029.0,1593.2019600491672,2734.150633824727,2032.8639497914817,1294.8493661752732,4029.0,2435.798039950833,11,6,12,2,10,4,14,9,0,1,7,15,14,15,5,7,20009.545793000747,3486.9811028950644
100.0,100.0,100.0,0.0,100.0,0.0,0.0,99.97517994539588,0.0,100.0,100.0,100.0,100.0,0.0,100.0,100.0,3151.3922804057433,877.6077195942568,4029.0,2520.462805149179,4029.0,4029.0,3251.5588617407952,1508.5371948508207,4029.0,4029.0,1069.5462119026402,2652.1800750292414,777.4411382592045,1376.8199249707588,4029.0,2959.4537880973594,11,11,12,2,10,4,14,2,0,1,7,15,14,15,9,7,20009.545793000747,0.0
