0.0,0.0,0.0,0.0,0.0,0.0,0.0,0.0,100.0,0.0,100.0,0.0,0.0,0.0,0.0,100.0,4029.0,4029.0,4029.0,0.0,0.0,0.0,0.0,0.0,0.0,0.0,0.0,0.0,0.0,0.0,0.0,0.0,15,8,10,-1,-1,-1,-1,-1,-1,-1,-1,-1,-1,-1,-1,-1,17250.0,0.0
0.0,0.0,0.0,0.0,0.0,0.0,100.0,0.0,100.0,0.0,100.0,100.0,100.0,0.0,100.0,100.0,4029.0,4029.0,4029.0,4029.0,4029.0,4029.0,4029.0,0.0,0.0,0.0,0.0,0.0,0.0,0.0,0.0,0.0,15,8,10,6,11,12,14,-1,-1,-1,-1,-1,-1,-1,-1,-1,17940.0,0.0
0.0,0.0,0.0,0.0,100.0,0.0,100.0,0.0,100.0,0.0,100.0,100.0,100.0,0.0,100.0,100.0,4029.0,4029.0,4029.0,1057.596870963549,1891.3767769959554,4029.0,4029.0,4029.0,4029.0,1080.0263520404956,0.0,0.0,0.0,0.0,0.0,0.0,15,6,10,11,11,12,14,8,4,11,-1,-1,-1,-1,-1,-1,19320.0,0.0
100.0,0.0,0.0,0.0,100.0,100.0,100.0,0.0,100.0,0.0,100.0,100.0,100.0,0.0,100.0,100.0,4029.0,1701.182827083193,4029.0,1202.2821233912005,1591.989601795889,4029.0,4029.0,4029.0,1791.0636652071742,1234.7282748129105,0.0,2237.9363347928256,4029.0,2327.817172916807,4029.0,0.0,15,6,10,11,11,12,14,8,4,11,-1,4,0,6,5,-1,20700.0,0.0
100.0,0.0,100.0,0.0,100.0,100.0,100.0,100.0,100.0,0.0,100.0,100.0,100.0,0.0,100.0,100.0,4029.0,1551.665385595081,4029.0,1123.2617172128407,1726.6581833481607,4029.0,4029.0,4029.0,2272.991336252775,1179.0800994389986,4029.0,1756.0086637472252,4029.0,2477.3346144049187,4029.0,4029.0,15,6,10,11,11,12,14,8,4,11,7,4,0,6,5,2,20699.545793000747,1499.115369207829
100.0,0.0,100.0,0.0,100.0,100.0,99.97517994539588,100.0,100.0,0.0,100.0,100.0,100.0,0.0,100.0,100.0,4029.0,1761.1699194118842,4029.0,1124.6226804862845,1754.358268802563,4029.0,4029.0,4029.0,1895.9591550451012,1150.0190507111522,4029.0,2133.0408449548986,4029.0,2267.8300805881154,4029.0,4029.0,15,6,10,11,11,12,14,8,4,11,7,4,0,6,5,2,20700.0,0.0
100.0,0.0,100.0,0.0,100.0,100.0,100.0,100.0,100.0,0.0,100.0,100.0,100.0,0.0,100.0,100.0,4029.0,1684.7314610822673,4029.0,1152.6947679689204,1705.2638750341334,4029.0,4029.0,4029.0,2009.725634300455,1171.0413569969458,4029.0,2019.2743656995447,4029.0,2344.2685389177327,4029.0,4029.0,15,6,10,11,11,12,14,8,4,11,7,4,0,6,5,2,20700.0,1585.440754658098
100.0,0.0,100.0,0.0,100.0,100.0,100.0,100.0,100.0,0.0,100.0,100.0,100.0,0.0,100.0,100.0,4029.0,1715.5505850889122,4029.0,1039.7894553193296,1926.9916082843938,4029.0,4029.0,4029.0,1854.0358826475144,1062.2189363962764,4029.0,2174.964117352486,4029.0,2313.449414911088,4029.0,4029.0,15,6,10,11,11,12,14,8,4,11,7,4,0,6,5,2,19980.0,2281.3102113760397
100.0,0.0,100.0,0.0,100.0,100.0,100.0,100.0,100.0,0.0,0.0,100.0,100.0,0.0,100.0,100.0,4029.0,1734.4964523925582,1063.8684348093361,787.3112824951952,1381.0630786160116,4029.0,4029.0,4029.0,2085.788666116554,796.7572040794572,4029.0,1943.211333883446,4029.0,2294.5035476074418,4029.0,4029.0,15,6,11,11,11,12,14,8,4,11,7,4,0,6,5,2,19980.0,1805.2752580517777
100.0,0.0,100.0,0.0,100.0,100.0,100.0,100.0,100.0,0.0,0.0,100.0,100.0,0.0,100.0,100.0,4029.0,1753.7230293169328,1170.7174839685263,837.3809594743782,1214.1231197013503,4029.0,4029.0,4029.0,1875.0437305747423,806.778436855745,4029.0,2153.9562694252577,4029.0,2275.2769706830672,4029.0,4029.0,15,6,11,11,11,12,14,8,4,11,7,4,0,6,5,2,19980.0,0.0
100.0,0.0,100.0,0.0,100.0,100.0,100.0,100.0,100.0,0.0,0.0,100.0,100.0,0.0,100.0,100.0,4029.0,1841.1914679786132,1132.3179654067387,809.0072308621629,1289.2458733861208,4029.0,4029.0,4029.0,1995.2631935611064,798.4289303449775,4029.0,2033.7368064388936,4029.0,2187.808532021387,4029.0,4029.0,15,6,11,11,11,12,14,8,4,11,7,4,0,6,5,2,19290.0,2261.9539782422257
0.0,0.0,100.0,0.0,100.0,100.0,100.0,100.0,100.0,0.0,0.0,100.0,100.0,0.0,100.0,100.0,4029.0,1756.9306925509895,1211.757009012168,377.03445717439024,1545.646108826279,4029.0,2304.708358586171,4029.0,1863.770697658908,894.5624249871624,4029.0,2165.229302341092,1724.2916414138292,2272.069307449011,4029.0,4029.0,15,6,11,11,11,12,14,8,4,11,7,4,14,6,5,2,19320.0,2746.6878590751858
0.0,0.0,100.0,0.0,100.0,100.0,100.0,0.0,100.0,0.0,100.0,100.0,100.0,0.0,100.0,100.0,4029.0,4029.0,1017.9586916288735,728.0459784853279,1505.4367484371555,4029.0,1952.8415528957028,4029.0,1546.0477428593329,777.5585814486434,266.7018214640782,2482.9522571406674,1809.4566256402195,4029.0,4029.0,4029.0,15,6,11,11,11,12,14,8,4,11,14,4,14,10,5,2,18600.0,2844.6545008376365
0.0,0.0,100.0,0.0,100.0,100.0,100.0,0.0,100.0,0.0,0.0,100.0,100.0,0.0,100.0,100.0,3221.80555923848,4029.0,963.6087208807629,667.3902283819451,1708.1813412784004,4029.0,2116.8131094353785,4029.0,1581.0136705336008,689.8197094588918,210.3066005857519,2447.986329466399,1701.8802899788695,807.19444076152,4029.0,4029.0,15,6,11,11,11,12,14,8,4,11,14,4,14,15,5,2,18598.488458674612,0.0
0.0,0.0,100.0,0.0,99.97517994539588,100.0,100.0,0.0,100.0,0.0,0.0,99.97517994539588,100.0,0.0,100.0,99.97517994539588,3263.1468575732883,4029.0,399.5719139049776,-381.7283946151824,3872.0180173976937,4029.0,2027.4101079625334,4029.0,1976.6379871669615,139.1384633125109,241.10366293537442,2052.362012833038,1760.4862291020922,765.8531424267113,4029.0,4029.0,15,6,11,11,11,12,14,8,4,11,14,4,14,15,5,2,18600.0,600.0
0.0,0.0,100.0,0.0,100.0,100.0,100.0,0.0,100.0,0.0,0.0,100.0,100.0,0.0,100.0,100.0,3148.2540976351274,4029.0,821.0201085805297,2239.8751127199,2684.12102571227,4029.0,2187.6738157598243,1789.1248872801,1905.0971856073174,523.858865707201,160.96724420830066,2123.9028143926826,1680.3589400318751,880.7459023648726,4029.0,4029.0,15,6,11,8,11,12,14,8,4,11,14,4,14,15,5,2,18599.545793000747,1992.0102417379644
0.0,0.0,100.0,0.0,99.97517994539588,100.0,100.0,0.0,100.0,0.0,0.0,100.0,100.0,0.0,100.0,100.0,3069.095227417211,4029.0,1149.6478601913125,935.9589470208813,2014.5,4029.0,2146.748249655087,1943.393192787806,1942.3864023262558,2014.5,153.4305845030266,2086.6135976737437,1728.8211658418866,959.9047725827891,4029.0,4029.0,15,6,8,8,11,12,14,8,4,11,14,4,14,15,5,2,19319.545793000747,4440.890059014353
0.0,0.0,100.0,0.0,99.97517994539588,100.0,100.0,0.0,100.0,100.0,100.0,0.0,100.0,0.0,100.0,100.0,3880.9397662431156,4029.0,2198.1389350446443,1830.8610649553557,4029.0,4029.0,2112.688346192884,4029.0,1743.2340137788492,0.0,-181.1294849586287,2285.7659862211503,2097.441138765744,148.06023375688437,4029.0,4029.0,15,6,8,8,10,12,14,9,4,-1,14,4,14,15,5,2,20009.471332836933,2557.8999773802793
100.0,0.0,100.0,0.0,100.0,100.0,100.0,0.0,100.0,0.0,99.97517994539588,100.0,100.0,0.0,100.0,100.0,4029.0,4029.0,911.8425952398209,4029.0,1436.0485866392141,4029.0,2321.2076854557154,1681.1088181209648,4029.0,4029.0,0.0,4029.0,1707.7923145442844,0.0,4029.0,4029.0,15,6,10,8,10,12,14,10,0,11,-1,4,14,-1,5,2,20010.0,0.0
100.0,0.0,100.0,0.0,100.0,100.0,100.0,0.0,100.0,0.0,100.0,100.0,100.0,0.0,100.0,100.0,4029.0,4029.0,781.73047408325,4029.0,1165.7030454093167,4029.0,2564.942135494427,1596.9971558861566,4029.0,4029.0,2048.713859436929,4029.0,1464.0578645055728,484.5693246212766,1980.286140563071,4029.0,15,6,10,8,10,12,14,10,0,11,5,4,14,10,5,2,19979.471332836933,1357.7119717639273
100.0,0.0,100.0,0.0,100.0,100.0,100.0,100.0,0.0,0.0,99.97517994539588,100.0,100.0,0.0,100.0,100.0,4029.0,4029.0,828.1473625366735,1069.2036312796888,1136.9123792465698,2959.796368720311,2392.4312677962466,1584.89181130985,4029.0,3200.8526374633266,4029.0,4029.0,1636.5687322037531,1307.19580944358,4029.0,4029.0,15,6,11,12,10,12,14,10,0,11,7,4,14,10,5,2,19978.942665673865,0.0
100.0,0.0,100.0,0.0,100.0,100.0,100.0,100.0,0.0,0.0,99.97517994539588,100.0,99.97517994539588,0.0,100.0,100.0,4029.0,4029.0,594.4603911447524,1111.881181723637,1255.8724390495893,2917.1188182763626,1237.1751257606957,1600.727391605238,4029.0,3434.539608855248,4029.0,4029.0,2791.8248742393043,1172.4001693451723,4029.0,4029.0,15,6,11,12,10,12,14,10,0,11,7,4,14,10,5,2,19290.0,3536.3950682986633
100.0,0.0,0.0,0.0,100.0,100.0,100.0,100.0,0.0,0.0,100.0,100.0,100.0,0.0,100.0,100.0,4029.0,4029.0,779.2827077007718,1078.7889670418772,1231.7592425076962,2950.211032958123,1916.5926685118436,1612.2259860190816,4029.0,3249.7172922992286,4029.0,1714.8443001327244,2112.4073314881566,1185.0147714732225,4029.0,2314.1556998672754,15,6,11,12,10,12,14,10,0,11,7,4,14,10,5,4,19290.0,6378.634747919812
100.0,0.0,0.0,0.0,100.0,100.0,100.0,100.0,0.0,0.0,100.0,100.0,100.0,0.0,100.0,100.0,0.0,4029.0,263.12290091338514,1099.2148520150433,1213.7038232564857,2929.7851479849564,2094.60599849031,1581.5590087579687,4029.0,3765.877099086615,4029.0,4029.0,1934.3940015096898,1233.7371679855457,4029.0,4029.0,-1,6,11,12,10,12,14,10,0,11,7,15,14,10,5,4,19290.0,2917.142309941056
100.0,0.0,0.0,100.0,100.0,100.0,100.0,0.0,0.0,0.0,100.0,100.0,100.0,0.0,100.0,100.0,4029.0,4029.0,0.0,1098.4160771071602,1210.2409316111746,2930.58392289284,1855.771447435867,1595.1625736249437,4029.0,4029.0,0.0,4029.0,2173.2285525641328,1223.5964947638815,4029.0,4029.0,3,6,-1,12,10,12,14,10,0,11,-1,15,14,10,5,4,20700.0,6622.059268633882
100.0,0.0,0.0,100.0,100.0,100.0,100.0,100.0,0.0,100.0,100.0,100.0,100.0,0.0,100.0,100.0,4029.0,4029.0,0.0,862.4343265608579,1986.1194283004982,3166.5656734391423,1867.639002767765,4029.0,4029.0,4029.0,4029.0,4029.0,2161.3609972322347,2042.8805716995018,4029.0,4029.0,3,6,-1,12,10,12,14,9,0,11,7,15,14,10,5,4,20009.471332836933,1090.2244228689085
100.0,0.0,0.0,100.0,0.0,100.0,100.0,100.0,0.0,100.0,100.0,100.0,99.97517994539588,0.0,100.0,100.0,4029.0,4029.0,1063.6462179706818,868.253992131487,1467.6518824678642,3160.7460078685126,1839.4535588545077,4029.0,4029.0,4029.0,4029.0,4029.0,2189.5464411454923,1497.701899561454,4029.0,0.0,3,6,10,12,10,12,14,9,0,11,7,15,14,10,5,-1,19289.471332836933,1086.239310523314
100.0,0.0,0.0,100.0,0.0,100.0,100.0,100.0,0.0,99.97517994539588,100.0,100.0,100.0,0.0,100.0,0.0,4029.0,2837.4931162085027,637.0449277815675,619.7957422589075,2034.5333447290602,2772.159329959525,1872.0893360172267,2426.2161966048443,4029.0,4029.0,4029.0,1602.7838033951552,2156.9106639827733,1994.4666552709398,4029.0,1191.5068837914973,3,6,12,12,10,12,14,9,0,11,7,9,14,10,5,6,20009.471332836933,1667.904652839216
100.0,0.0,0.0,100.0,0.0,100.0,100.0,100.0,0.0,100.0,100.0,100.0,99.97517994539588,0.0,100.0,100.0,4029.0,2782.4014277872093,703.4865001627722,639.8648390861769,4029.0,2685.6486607510506,2627.162544009223,2479.2618779440504,4029.0,4029.0,4029.0,1549.7381220559496,1401.8374559907775,4029.0,4029.0,1246.598572212791,3,6,12,12,10,12,14,9,0,11,7,9,14,15,5,6,20009.471332836933,5232.390868214567
100.0,0.0,0.0,100.0,0.0,100.0,100.0,100.0,0.0,100.0,100.0,100.0,99.97517994539588,0.0,100.0,100.0,4029.0,2785.9308829807014,1535.479640953051,1512.2966789078355,4029.0,981.2236801391133,4029.0,2440.683200606446,4029.0,4029.0,4029.0,1588.3167993935538,0.0,4029.0,4029.0,1243.0691170192983,3,6,12,12,10,12,14,9,0,11,7,9,-1,15,5,6,20699.545793000747,4941.188493141145
100.0,0.0,0.0,100.0,100.0,99.97517994539588,100.0,100.0,0.0,100.0,100.0,100.0,100.0,0.0,100.0,100.0,4029.0,2785.377443930916,2024.0591685787144,2004.9408314212856,4029.0,4029.0,4029.0,1690.6276157951067,4029.0,4029.0,4029.0,2338.3723842048935,1206.4016848359465,4029.0,2822.598315164053,1243.6225560690839,3,6,12,12,10,4,14,9,0,11,7,9,5,15,5,6,19980.0,3726.0217918946905
100.0,0.0,0.0,100.0,100.0,100.0,100.0,100.0,0.0,100.0,0.0,100.0,100.0,0.0,100.0,100.0,4029.0,2810.0471184680864,2013.4844899847112,2015.5155100152888,4029.0,4029.0,0.0,0.0,4029.0,4029.0,4029.0,4029.0,1059.433441747967,4029.0,2969.5665582520332,1218.952881531914,3,6,12,12,14,4,-1,-1,0,11,7,9,5,15,5,6,19260.0,3061.705813376596
100.0,100.0,0.0,0.0,100.0,100.0,100.0,100.0,0.0,100.0,0.0,100.0,100.0,0.0,100.0,0.0,4029.0,2815.7948938378804,1931.346194486318,2097.6538055136825,2376.7696887917464,4029.0,1652.2303112082536,0.0,4029.0,4029.0,4029.0,4029.0,1152.5480979004362,0.0,2876.451902099564,1213.2051061621198,1,6,12,12,14,4,14,-1,0,11,7,9,5,-1,5,6,19260.0,0.0
100.0,100.0,0.0,0.0,100.0,100.0,100.0,100.0,0.0,100.0,0.0,100.0,100.0,0.0,100.0,0.0,4029.0,2815.055453779113,2291.627980406969,1737.3720195930312,2291.62797304452,4029.0,1737.3720269554801,0.0,4029.0,4029.0,2941.6527719923442,4029.0,1070.5569921042334,1087.3472280076558,2958.4430078957666,1213.9445462208873,1,6,12,12,14,4,14,-1,0,11,7,9,5,7,5,6,19230.0,3008.047416566203
100.0,100.0,100.0,0.0,100.0,100.0,100.0,100.0,0.0,0.0,0.0,100.0,100.0,0.0,100.0,0.0,4029.0,2796.691557638682,4029.0,0.0,2308.3224254717193,4029.0,1720.6775745282807,4029.0,4029.0,4029.0,3096.273307247533,0.0,1163.8964447395585,932.7266927524669,2865.1035552604417,1232.3084423613182,1,6,12,-1,14,4,14,2,0,11,7,-1,5,7,5,6,19260.0,3665.79161720273
100.0,100.0,0.0,0.0,100.0,100.0,100.0,100.0,0.0,100.0,0.0,100.0,0.0,100.0,100.0,0.0,4029.0,1622.1804006362445,4029.0,4029.0,1437.132239580033,2550.1934256832383,792.726243075185,4029.0,4029.0,735.9651231237327,2971.5498798649824,1478.8065743167617,1063.1763942210493,1057.4501201350176,4029.0,2406.8195993637555,1,6,13,11,14,4,14,9,0,14,7,4,14,7,5,6,19260.0,6760.382600491515
100.0,100.0,0.0,0.0,100.0,100.0,100.0,100.0,0.0,100.0,0.0,100.0,0.0,100.0,100.0,0.0,4029.0,0.0,4029.0,4029.0,1425.4461210796924,2551.0937617662266,811.0901412359534,4029.0,4029.0,744.3123500097322,2982.390434350746,1477.9062382337734,1048.1513876746221,1046.609565649254,4029.0,4029.0,1,-1,13,11,14,4,14,9,0,14,7,4,14,7,5,6,19260.0,0.0
100.0,100.0,0.0,0.0,100.0,100.0,100.0,100.0,0.0,100.0,0.0,100.0,0.0,100.0,100.0,0.0,4029.0,0.0,4029.0,4029.0,1407.916946370528,2575.103876362826,773.5276235276534,4029.0,4029.0,720.1053937242143,3353.7079394823136,1453.8961236371738,1127.4500363776042,675.2920605176868,4029.0,4029.0,1,-1,13,11,14,4,14,9,0,14,7,4,14,7,5,6,19260.0,3225.603507710094
100.0,100.0,0.0,0.0,100.0,100.0,100.0,100.0,0.0,100.0,0.0,100.0,0.0,100.0,100.0,0.0,4029.0,4029.0,4029.0,4029.0,1426.2808425628793,2535.2619880193324,801.9081933819784,4029.0,4029.0,758.5026346456261,3601.2149075186503,1493.7380119806678,1042.308329409516,427.78509248135003,4029.0,0.0,1,6,13,11,14,4,14,9,0,14,7,4,14,7,5,-1,19260.0,1189.478366884392
100.0,100.0,0.0,0.0,100.0,100.0,100.0,100.0,100.0,100.0,0.0,0.0,0.0,100.0,100.0,0.0,4029.0,4029.0,4029.0,4029.0,1411.2558328735468,2493.8818814861197,823.6109823625892,4029.0,4029.0,780.2054236262369,3131.761904052544,1535.1181185138803,1013.927761137627,897.238095947456,4029.0,0.0,1,6,13,8,14,4,14,9,0,14,7,4,14,7,5,-1,19980.0,0.0
100.0,100.0,0.0,0.0,100.0,100.0,100.0,100.0,100.0,100.0,100.0,0.0,0.0,100.0,100.0,0.0,4029.0,4029.0,4029.0,4029.0,1397.065549031296,1732.3637649437255,829.4540397895494,4029.0,4029.0,759.3373582076325,3337.0477202486613,2296.6362350562745,1043.1430529715226,691.952279751339,4029.0,4029.0,1,6,13,8,14,4,14,9,0,14,7,4,14,7,5,10,19980.0,3295.7764638756225
100.0,100.0,0.0,0.0,100.0,100.0,100.0,100.0,100.0,100.0,100.0,0.0,0.0,100.0,100.0,0.0,4029.0,4029.0,4029.0,2777.448582863769,1397.0655517756682,1251.551417136231,842.8095996318924,4029.0,4029.0,732.6262339893112,3176.607520245584,4029.0,1056.4986146031279,852.3924797544163,4029.0,4029.0,1,6,13,8,14,8,14,9,0,14,7,4,14,7,5,10,19290.0,4109.307247897852
100.0,100.0,0.0,0.0,100.0,0.0,100.0,100.0,100.0,100.0,100.0,0.0,0.0,100.0,100.0,0.0,2623.101510687069,4029.0,4029.0,2901.4447158632665,1604.0767613484293,1127.5552841367332,1029.7874675029618,4029.0,4029.0,969.6874580265429,3249.0680664896727,4029.0,425.4483131220661,779.9319335103274,1405.898489312931,4029.0,1,6,13,8,14,8,14,9,0,14,7,4,14,7,1,10,19980.0,3752.5784786582244
100.0,100.0,100.0,0.0,100.0,0.0,100.0,100.0,100.0,100.0,100.0,0.0,0.0,100.0,100.0,0.0,2735.4108224255315,4029.0,4029.0,3082.2018060039063,1652.403921185662,946.7981939960937,1225.0258254798164,4029.0,4029.0,1151.5702533345218,1530.8972997162377,4029.0,4029.0,2498.1027002837623,1293.5891775744687,4029.0,1,6,13,8,14,8,14,9,0,14,7,4,2,7,1,10,19260.0,3493.6765221712253
100.0,100.0,100.0,100.0,0.0,0.0,100.0,100.0,100.0,100.0,0.0,0.0,0.0,100.0,100.0,0.0,5028.639096116027,4029.0,4029.0,3073.8544041017026,1981.841121007989,955.1455958982976,766.4848741116822,0.0,1113.9410448472386,1280.674004880329,4029.0,2915.0589551527614,4029.0,4029.0,-999.6390961160264,4029.0,1,6,13,8,14,8,14,-1,0,14,3,0,2,7,1,9,19950.0,2109.9529155065666
100.0,100.0,100.0,100.0,0.0,100.0,100.0,100.0,100.0,100.0,0.0,0.0,0.0,100.0,100.0,0.0,4029.0,4029.0,4029.0,3113.7695112719375,1760.7443250752133,915.2304887280626,0.0,0.0,1166.6238544324092,2268.2556749247865,4029.0,2862.376145567591,4029.0,4029.0,4029.0,4029.0,1,6,13,8,14,8,-1,-1,0,14,3,0,2,7,5,9,20669.471332836933,4279.577302870041
100.0,100.0,100.0,100.0,0.0,100.0,100.0,100.0,99.97517994539588,100.0,0.0,100.0,0.0,100.0,100.0,0.0,4029.0,4029.0,4029.0,4958.825199629955,4029.0,-929.8251996299555,0.0,820.4107848460972,730.2607757099838,4029.0,4029.0,2478.328439443919,4029.0,4029.0,4029.0,4029.0,1,6,13,8,11,8,-1,0,0,14,3,0,2,7,5,9,20639.545793000747,2523.5573666942582
99.97517994539588,100.0,100.0,100.0,100.0,100.0,100.0,100.0,100.0,100.0,0.0,100.0,0.0,100.0,0.0,0.0,4029.0,4029.0,4029.0,4029.0,4029.0,4029.0,0.0,820.6587868319496,713.814324292416,0.0,4029.0,2494.526888875634,4029.0,4029.0,4029.0,4029.0,1,6,13,8,11,4,-1,0,0,-1,3,0,2,7,5,9,20670.0,4399.135951935251
100.0,100.0,100.0,100.0,100.0,100.0,100.0,0.0,100.0,100.0,100.0,100.0,0.0,100.0,0.0,0.0,4029.0,4029.0,4029.0,4029.0,4029.0,4029.0,0.0,771.4403913376201,794.8126591699822,0.0,4029.0,2462.7469494923976,4029.0,4029.0,4029.0,4029.0,1,6,13,8,11,4,-1,0,0,-1,3,0,2,10,5,9,21360.0,1752.342381452784
100.0,100.0,100.0,100.0,100.0,100.0,100.0,100.0,100.0,100.0,100.0,100.0,0.0,100.0,0.0,0.0,4029.0,4029.0,4029.0,4029.0,4029.0,4029.0,0.0,841.7990067979135,718.2600910580778,4029.0,4029.0,2468.9409021440088,4029.0,4029.0,4029.0,4029.0,1,6,13,8,11,4,-1,0,0,7,3,0,2,10,5,9,21360.0,0.0
100.0,100.0,100.0,100.0,100.0,100.0,100.0,100.0,100.0,100.0,100.0,100.0,0.0,100.0,0.0,0.0,4029.0,4029.0,4029.0,4029.0,4029.0,4029.0,0.0,799.2644785152602,759.1978269488757,4029.0,4029.0,2470.5376945358644,4029.0,4029.0,4029.0,4029.0,1,6,13,8,11,4,-1,0,0,7,3,0,2,10,5,9,20640.0,0.0
100.0,100.0,100.0,100.0,100.0,100.0,100.0,100.0,100.0,100.0,100.0,100.0,0.0,0.0,0.0,0.0,4029.0,4029.0,3645.3757818703352,4029.0,4029.0,4029.0,0.0,-515.0738394803724,12.4708688121342,4029.0,4029.0,4531.602970668238,4029.0,383.624218129665,4029.0,4029.0,1,6,10,8,11,4,-1,0,0,7,3,0,2,10,5,9,20700.0,2470.400287778869
100.0,0.0,100.0,100.0,100.0,0.0,100.0,100.0,100.0,100.0,100.0,100.0,0.0,0.0,100.0,100.0,4029.0,4029.0,4029.0,4029.0,2435.116861255168,4029.0,2335.452151163742,0.0,-1166.0041390236975,4029.0,1693.5478488362578,5195.0041390236975,4029.0,4029.0,1593.8831387448322,4029.0,3,6,10,8,11,4,14,-1,0,7,14,0,2,15,11,9,20010.0,2005.2665829602618
100.0,0.0,0.0,100.0,100.0,0.0,100.0,100.0,100.0,100.0,100.0,100.0,0.0,0.0,100.0,100.0,4029.0,4029.0,4029.0,4029.0,2000.9560836096396,4029.0,1845.062000427383,935.8433711514008,0.0,4029.0,2183.9379995726167,4029.0,4029.0,4029.0,1092.2005452389596,0.0,3,6,10,8,11,4,14,11,-1,7,14,0,9,15,11,-1,20700.0,0.0
100.0,0.0,100.0,100.0,100.0,0.0,100.0,100.0,100.0,100.0,100.0,100.0,0.0,0.0,100.0,100.0,4029.0,4029.0,4029.0,4029.0,939.7929780406712,4029.0,2091.5088985473676,1438.2303548914178,0.0,4029.0,1937.4911014526324,4029.0,4029.0,4029.0,1650.9766670679112,4029.0,3,6,10,8,11,4,14,11,-1,7,14,0,9,15,11,2,20700.0,2588.364060418263
100.0,0.0,100.0,100.0,100.0,0.0,100.0,100.0,100.0,100.0,100.0,100.0,0.0,0.0,100.0,100.0,4029.0,4029.0,4029.0,4029.0,2485.550627912251,4029.0,2289.2474388435476,1939.84630422048,2501.266974529124,4029.0,1739.7525611564524,4029.0,4029.0,1527.733025470876,2089.15369577952,1543.4493720877488,3,6,10,8,2,4,14,11,15,7,14,0,9,15,11,2,20040.0,2351.7899321413925
100.0,0.0,100.0,100.0,0.0,0.0,100.0,0.0,100.0,100.0,100.0,100.0,100.0,0.0,100.0,100.0,4029.0,4029.0,4029.0,4029.0,2481.442630287474,4029.0,2527.4109800103033,1901.4490627941266,2078.3302083477643,0.0,1501.589019989697,4029.0,4029.0,1950.6697916522357,2127.550937205873,1547.5573697125262,3,6,10,8,2,12,14,11,15,-1,14,0,9,15,11,2,20040.0,0.0
100.0,0.0,100.0,100.0,0.0,0.0,100.0,0.0,100.0,100.0,100.0,100.0,100.0,0.0,100.0,100.0,4029.0,4029.0,4029.0,4029.0,2504.7212937835634,4029.0,2047.9173217755144,1893.2878371025395,1832.5588838701099,0.0,1981.0826782244853,4029.0,4029.0,2196.44111612989,2135.7121628974605,1524.2787062164364,3,6,10,8,2,12,14,11,15,-1,14,0,9,15,11,2,20040.0,0.0
100.0,0.0,100.0,100.0,0.0,0.0,100.0,0.0,100.0,100.0,100.0,100.0,100.0,0.0,100.0,100.0,4029.0,4029.0,4029.0,4029.0,2562.233287831528,4029.0,2114.6905688582283,1903.4905094844255,1952.7543774838107,0.0,1914.3094311417717,4029.0,4029.0,2076.2456225161895,2125.5094905155743,1466.766712168472,3,6,10,8,2,12,14,11,15,-1,14,0,9,15,11,2,20040.0,7132.644193412862
100.0,0.0,100.0,100.0,0.0,0.0,100.0,0.0,100.0,100.0,100.0,100.0,100.0,0.0,100.0,100.0,4029.0,4029.0,4029.0,4029.0,2422.5613045727687,4029.0,2405.3646016365497,1909.7962891911602,1949.6060498354573,0.0,1623.6353983634503,4029.0,4029.0,2079.3939501645427,2119.20371080884,1606.438695427231,3,6,10,8,2,12,14,11,15,-1,14,0,9,15,11,2,19319.471332836933,2798.3940889805594
0.0,0.0,100.0,100.0,0.0,0.0,100.0,100.0,100.0,100.0,100.0,100.0,0.0,0.0,100.0,99.97517994539588,4029.0,4029.0,4029.0,4029.0,2501.982628852527,4029.0,2239.1732061380085,1120.7877574911295,1876.903587473245,0.0,1789.8267938619917,1500.850579136462,4029.0,2152.0964125267546,1407.3616633724084,1527.0173711474736,3,6,10,8,2,7,14,11,15,-1,14,11,9,15,11,2,19320.0,0.0
0.0,0.0,100.0,100.0,0.0,0.0,100.0,100.0,100.0,100.0,100.0,100.0,0.0,0.0,100.0,100.0,4029.0,4029.0,4029.0,4029.0,2428.0386374587865,4029.0,2025.661093443009,1091.470250243,2072.4055546513746,0.0,2003.3389065569913,1846.059499514,4029.0,1956.5944453486256,1091.470250243,1600.9613625412135,3,6,10,8,2,7,14,11,15,-1,14,11,9,15,11,2,20700.0,2721.544325790668
0.0,100.0,100.0,100.0,0.0,100.0,100.0,100.0,100.0,100.0,100.0,100.0,0.0,0.0,100.0,100.0,4029.0,4029.0,4029.0,4029.0,2466.3799658066055,4029.0,1875.220459917301,4029.0,1941.9982649680833,1887.9075083638338,2153.779540082699,2141.092491636166,4029.0,2087.0017350319167,4029.0,1562.6200341933943,3,6,10,8,2,7,14,1,15,11,14,11,9,15,5,2,20700.0,2768.2982840577456
0.0,100.0,100.0,100.0,0.0,100.0,100.0,100.0,100.0,100.0,100.0,100.0,0.0,0.0,100.0,100.0,4029.0,4029.0,4029.0,4029.0,2466.3799649793,4029.0,1903.787029626374,4029.0,1858.7120049359642,1893.1018447568733,2125.2129703736264,2135.898155243127,4029.0,2170.2879950640363,4029.0,1562.6200350206998,3,6,10,8,2,7,14,1,15,11,14,11,9,15,5,2,20730.0,1032.2819326409412
0.0,100.0,100.0,100.0,0.0,100.0,100.0,0.0,100.0,100.0,100.0,100.0,100.0,0.0,100.0,100.0,4029.0,4029.0,4029.0,4029.0,2419.822637758899,4029.0,3789.1202786372387,4029.0,1864.4734677560928,1861.3823851636234,239.8797213627613,2167.6176148363766,4029.0,2164.5265322439072,4029.0,1609.1773622411013,3,6,10,8,2,12,14,1,15,11,14,11,9,15,5,2,21420.0,5778.979356250083
100.0,0.0,100.0,100.0,0.0,100.0,100.0,100.0,100.0,100.0,100.0,100.0,100.0,0.0,100.0,100.0,4029.0,4029.0,4029.0,4029.0,2421.1919708235005,4029.0,4029.0,4029.0,1895.6531724110012,2263.7186884253733,4029.0,1765.2813115746267,4029.0,2133.346827588999,4029.0,1607.8080291764993,3,6,10,8,2,12,14,0,15,11,7,11,9,15,5,2,21420.0,1733.1297509655114
100.0,0.0,100.0,100.0,0.0,100.0,100.0,100.0,100.0,100.0,100.0,100.0,100.0,0.0,100.0,100.0,4029.0,4029.0,4029.0,1714.8443001327244,2239.0706612783397,4029.0,4029.0,4029.0,1935.9104203954323,4029.0,4029.0,2314.1556998672754,4029.0,2093.089579604568,4029.0,1789.92933872166,3,6,10,8,2,12,14,0,15,11,7,8,9,15,5,2,21420.0,4857.1502597572435
100.0,100.0,100.0,100.0,0.0,0.0,100.0,100.0,100.0,100.0,100.0,100.0,100.0,0.0,100.0,100.0,4029.0,4029.0,4029.0,4029.0,2408.8679766939467,4029.0,4029.0,4029.0,2073.5443693762218,4029.0,4029.0,4029.0,4029.0,1955.4556306237782,0.0,1620.1320233060535,3,6,10,1,2,12,14,0,15,11,7,8,9,15,-1,2,21390.0,1691.8850173440362
100.0,100.0,100.0,100.0,0.0,100.0,100.0,100.0,100.0,100.0,100.0,0.0,100.0,0.0,100.0,100.0,4029.0,2680.56646967211,4029.0,4029.0,2486.919966225964,4029.0,4029.0,4029.0,3389.2668868474166,1348.43353032789,4029.0,4029.0,4029.0,639.7331131525837,4029.0,1542.080033774036,3,6,10,1,2,12,14,0,15,6,7,8,9,15,5,2,20700.0,1847.6480327622417
0.0,100.0,100.0,100.0,0.0,100.0,100.0,100.0,100.0,100.0,100.0,0.0,100.0,0.0,100.0,100.0,4029.0,2676.116137616821,4029.0,2087.1885911245217,2508.8292952310626,4029.0,4029.0,1941.8114088754783,3355.0645089663813,1352.883862383179,4029.0,4029.0,4029.0,673.935491033619,4029.0,1520.1707047689372,3,6,10,1,2,12,14,1,15,6,7,8,9,15,5,2,19980.0,3149.247669790526
0.0,100.0,100.0,100.0,0.0,100.0,100.0,100.0,0.0,100.0,100.0,0.0,100.0,0.0,100.0,100.0,4029.0,2291.415300535493,4029.0,1919.559373153509,2428.038638229037,4029.0,4029.0,2109.440626846491,4029.0,1018.6201240638569,4029.0,718.9645754006505,4029.0,0.0,4029.0,1600.9613617709633,3,6,10,1,2,12,14,1,15,6,7,6,9,-1,5,2,19980.0,4699.7832760307
0.0,100.0,100.0,100.0,0.0,100.0,100.0,100.0,0.0,100.0,100.0,100.0,100.0,0.0,100.0,0.0,4029.0,2320.095219804176,4029.0,1875.056105089449,2399.2826406202353,4029.0,4029.0,2153.943894910551,4029.0,1002.7967200341385,4029.0,706.1080601616853,4029.0,0.0,4029.0,1629.717359379765,3,6,10,1,2,12,14,1,11,6,7,6,9,-1,5,2,20669.545793000747,2087.1680393471734
0.0,99.97517994539588,100.0,100.0,100.0,100.0,100.0,100.0,0.0,100.0,100.0,100.0,0.0,0.0,100.0,100.0,4029.0,4398.894882658309,4029.0,2113.890596081508,2224.0079942870275,4029.0,4029.0,1915.1094039184914,4029.0,277.88704483199206,4029.0,-647.7819274903013,4029.0,4029.0,4029.0,1804.9920057129727,3,6,10,1,2,4,14,1,11,6,7,6,9,15,5,2,20670.0,600.0
0.0,100.0,100.0,100.0,100.0,100.0,100.0,100.0,0.0,100.0,100.0,100.0,0.0,0.0,100.0,100.0,4029.0,5195.0041390236975,4029.0,2337.890655649201,3094.9038780043816,1628.8581752769246,4029.0,1691.109344350799,4029.0,-1166.0041390236975,4029.0,2400.141824723076,4029.0,4029.0,4029.0,934.0961219956184,3,6,10,1,2,4,14,1,11,6,7,4,9,15,5,2,19950.0,4620.139793456779
0.0,100.0,100.0,100.0,100.0,100.0,100.0,100.0,0.0,100.0,100.0,100.0,0.0,0.0,0.0,100.0,4029.0,4029.0,4029.0,1826.4117053387458,4029.0,1902.6471908570045,1466.9220372448867,1431.815894609178,4029.0,0.0,4029.0,2126.3528091429953,2562.0779627551133,4029.0,4029.0,770.772400052076,3,6,10,1,2,4,9,1,11,-1,7,4,9,15,5,1,19950.0,880.1123462729412
0.0,100.0,100.0,100.0,100.0,100.0,100.0,100.0,0.0,100.0,100.0,100.0,0.0,0.0,100.0,0.0,4029.0,2977.255209835994,4029.0,1356.037463788888,4029.0,1877.6055125445598,1239.8774780987633,1658.6603511692654,4029.0,4029.0,4029.0,2151.39448745544,2789.1225219012367,1051.7447901640064,4029.0,1014.3021850418469,3,6,10,1,2,4,9,1,11,14,7,4,9,6,5,1,19950.0,7079.541674852708
0.0,100.0,100.0,100.0,100.0,100.0,100.0,100.0,0.0,100.0,100.0,100.0,0.0,0.0,100.0,0.0,4029.0,2922.36777826043,4029.0,1454.8127740770785,4029.0,1710.6609910055267,2572.0948210819565,1635.793256434977,4029.0,4029.0,4029.0,2318.3390089944733,1456.9051789180435,1106.63222173957,4029.0,938.3939694879448,3,6,10,1,2,4,9,1,11,14,7,4,9,6,5,1,19260.0,2599.6044926074833
0.0,100.0,100.0,100.0,100.0,0.0,100.0,100.0,0.0,100.0,100.0,100.0,0.0,0.0,100.0,0.0,4029.0,2962.420769751735,4029.0,1338.4841288940731,4029.0,1511.997009044797,2012.8305544278983,1718.2461302999595,4029.0,4029.0,4029.0,2517.002990955203,0.0,1066.579230248265,2016.1694455721017,972.2697408059676,3,6,10,1,2,4,9,1,11,14,7,4,-1,6,9,1,19980.0,5502.829590925334
0.0,100.0,100.0,100.0,100.0,0.0,100.0,100.0,0.0,100.0,0.0,100.0,100.0,0.0,100.0,100.0,4029.0,4029.0,4029.0,1706.254257282569,4029.0,1969.425001907749,2012.8305544278985,1507.4730658475812,4029.0,2596.3204335584915,4029.0,2059.574998092251,1432.679566441509,4029.0,2016.1694455721017,815.2726768698501,3,6,12,1,2,4,9,1,11,14,7,4,14,15,9,1,19980.0,6907.509768970263
0.0,100.0,100.0,100.0,100.0,0.0,100.0,100.0,0.0,100.0,0.0,100.0,100.0,0.0,100.0,100.0,4029.0,4029.0,4029.0,741.5226659013778,4029.0,1961.0777774563103,2082.947268456169,1981.6821980846953,4029.0,2812.2323084642453,4029.0,2067.9222225436897,1216.7676915357547,4029.0,1946.0527315438317,1305.7951360139268,3,6,12,1,2,4,9,1,11,14,7,4,14,15,9,1,19979.471332836933,3607.3314292362375
0.0,100.0,100.0,100.0,100.0,0.0,100.0,100.0,0.0,100.0,0.0,100.0,100.0,0.0,99.97517994539588,100.0,4029.0,4029.0,4029.0,1487.3322355883636,4029.0,1610.4942776302266,2014.5,1615.2691931912332,4029.0,2346.089649993817,4029.0,2418.505722369773,1682.9103500061824,4029.0,2014.5,926.3985712204035,3,6,12,1,2,4,9,1,11,14,7,4,14,15,9,1,19980.0,918.1679549099412
0.0,100.0,100.0,100.0,100.0,0.0,100.0,100.0,0.0,100.0,0.0,100.0,100.0,0.0,100.0,100.0,4029.0,4029.0,4029.0,1505.6417381214842,4029.0,1717.3387712947067,2017.8388911442034,1638.750219087392,4029.0,2406.929119399171,4029.0,2311.661228705293,1622.0708806008292,4029.0,2011.1611088557963,884.6080427911243,3,6,12,1,2,4,9,1,11,14,7,4,14,15,9,1,19260.0,1857.559616897144
0.0,100.0,100.0,100.0,100.0,0.0,100.0,100.0,0.0,100.0,0.0,100.0,100.0,0.0,100.0,0.0,4029.0,2645.143988143094,4029.0,1428.4874201806733,4029.0,1994.4666807850435,1949.391622688035,1712.9254823790934,4029.0,2706.5038186855445,4029.0,2034.5333192149565,1322.4961813144555,1383.8560118569062,2079.6083773119653,887.5870974402334,3,6,12,1,2,4,9,1,11,14,7,4,14,6,9,1,19289.471332836933,2011.7327801897907
0.0,100.0,100.0,0.0,100.0,0.0,100.0,100.0,0.0,100.0,0.0,100.0,100.0,0.0,99.97517994539588,100.0,4029.0,2618.0608608512816,4029.0,1345.1421985211275,4029.0,2136.369524388199,2014.5,1746.0603048838695,4029.0,2587.782644491772,4029.0,1892.630475611801,1441.2173555082277,1410.9391391487181,2014.5,937.7974965950032,15,6,12,1,2,4,9,1,11,14,7,4,14,6,9,1,19289.471332836933,765.557254804804
0.0,100.0,100.0,0.0,100.0,0.0,100.0,100.0,0.0,100.0,0.0,100.0,100.0,0.0,99.97517994539588,100.0,4029.0,1453.5663776842666,4029.0,1369.0073927694486,4029.0,2123.0139631822276,2021.1777822884067,1738.396601922207,4029.0,2329.7671993318245,4029.0,1905.9860368177724,1699.232800668175,2575.4336223157334,2007.8222177115933,921.5960053083443,15,6,12,1,2,4,9,1,11,14,7,4,14,6,9,1,19290.0,5782.558669463613
0.0,100.0,100.0,0.0,100.0,0.0,100.0,100.0,0.0,100.0,0.0,100.0,100.0,0.0,100.0,100.0,4029.0,0.0,4029.0,1352.4460650162234,4029.0,239.8797213627613,2019.5083367163052,1801.5692708832444,4029.0,2495.30022600896,4029.0,3789.1202786372387,1533.69977399104,4029.0,2009.4916632836948,874.9846641005322,15,-1,12,1,2,4,9,1,11,14,7,4,14,6,9,1,18600.0,2739.2170872954807
0.0,100.0,0.0,0.0,100.0,0.0,100.0,100.0,0.0,100.0,0.0,100.0,100.0,0.0,100.0,100.0,4029.0,1747.3887396930918,4029.0,1847.172496233091,1818.1399155609245,0.0,1461.9135156343484,808.77751682718,4029.0,2210.8600844390758,4029.0,4029.0,0.0,2281.6112603069087,2567.086484365652,1373.049986939729,15,6,12,1,14,-1,9,1,11,14,7,4,-1,6,9,1,19320.0,4460.294686406486
0.0,100.0,0.0,0.0,100.0,0.0,100.0,100.0,0.0,100.0,100.0,100.0,100.0,0.0,100.0,100.0,4029.0,1742.3804039290437,4029.0,2269.92515286964,557.3367653194836,0.0,0.0,4029.0,4029.0,3471.6632346805163,4029.0,4029.0,0.0,2286.619596070956,4029.0,1759.07484713036,15,6,12,1,14,-1,-1,10,11,14,7,4,-1,6,9,1,18600.0,3295.00926766673
0.0,100.0,0.0,0.0,100.0,0.0,100.0,100.0,0.0,0.0,100.0,100.0,100.0,0.0,100.0,100.0,4029.0,1750.7276304515995,4029.0,2563.7475051841557,1213.256433269149,0.0,0.0,4029.0,4029.0,2815.743566730851,4029.0,4029.0,0.0,2278.2723695484005,0.0,1465.2524948158443,15,6,12,1,14,-1,-1,10,11,14,7,4,-1,6,-1,1,19320.0,4275.991186882676
0.0,0.0,0.0,0.0,100.0,100.0,100.0,100.0,0.0,0.0,100.0,100.0,100.0,100.0,100.0,100.0,4029.0,1734.0331774064882,4029.0,1067.4417980091464,678.6573930709103,0.0,0.0,4029.0,2961.5582019908534,3350.34260692909,4029.0,4029.0,0.0,2294.9668225935116,4029.0,4029.0,15,6,12,11,14,-1,-1,10,11,14,7,4,-1,6,5,13,19290.0,2056.1017498332026
0.0,0.0,0.0,100.0,100.0,100.0,100.0,100.0,0.0,0.0,100.0,100.0,100.0,100.0,100.0,0.0,4029.0,648.5107682513933,4029.0,1170.441896427348,289.87178508205125,0.0,2144.3336934380122,4029.0,2858.5581035726523,3739.1282149179488,4029.0,4029.0,0.0,1236.1555383105947,4029.0,4029.0,3,6,12,11,14,-1,6,10,11,14,7,4,-1,6,5,13,19260.0,1003.0245557316603
0.0,0.0,100.0,100.0,100.0,100.0,100.0,100.0,0.0,0.0,0.0,100.0,100.0,100.0,100.0,0.0,4029.0,885.5719916510291,4029.0,1121.1459030206872,322.3352488310445,0.0,1726.9723869921188,4029.0,2907.8540969793125,3706.6647511689557,4029.0,4029.0,0.0,1416.4556213568524,4029.0,4029.0,3,6,12,11,14,-1,6,2,11,14,7,4,-1,6,5,13,19260.0,0.0
0.0,0.0,100.0,100.0,100.0,100.0,100.0,100.0,0.0,0.0,0.0,100.0,100.0,100.0,100.0,0.0,4029.0,869.9905027964955,4029.0,1135.4394588311898,129.7910441776238,0.0,1761.474255011237,4029.0,2893.5605411688102,3899.2089558223765,4029.0,4029.0,0.0,1397.5352421922676,4029.0,4029.0,3,6,12,11,14,-1,6,2,11,14,7,4,-1,6,5,13,19290.0,5992.13259230962
0.0,0.0,100.0,100.0,0.0,100.0,100.0,100.0,0.0,0.0,0.0,100.0,100.0,100.0,100.0,100.0,4029.0,752.0163732726053,4029.0,1132.1005682221673,2283.003387645639,0.0,2024.133637735311,4029.0,2896.8994317778324,1745.996612354361,4029.0,4029.0,0.0,1252.849988992084,4029.0,4029.0,3,6,12,11,14,-1,6,2,11,14,7,15,-1,6,5,13,19980.0,3495.306412155205
0.0,100.0,100.0,100.0,0.0,100.0,100.0,100.0,0.0,0.0,0.0,100.0,100.0,100.0,100.0,100.0,4029.0,585.0718502432808,4029.0,2558.7391692706224,4029.0,0.0,2311.278217061475,4029.0,1470.2608307293776,0.0,4029.0,4029.0,4029.0,1132.6499326952442,4029.0,4029.0,3,6,12,11,14,-1,6,2,11,-1,7,15,13,6,5,1,19290.0,7038.184258538231
0.0,100.0,0.0,100.0,0.0,100.0,100.0,100.0,0.0,0.0,0.0,100.0,100.0,100.0,100.0,100.0,4029.0,897.8145899490312,4029.0,1037.8745642664333,1706.285897503707,0.0,1702.487190246629,2991.125435733567,2322.714102496293,0.0,4029.0,4029.0,4029.0,1428.69821980434,4029.0,4029.0,3,6,12,11,14,-1,6,11,14,-1,7,15,13,6,5,1,20010.0,5118.905919308197
0.0,100.0,0.0,100.0,0.0,100.0,100.0,100.0,100.0,0.0,100.0,100.0,0.0,100.0,100.0,100.0,4029.0,504.9384785746179,4029.0,1034.535674109291,1840.9369910696644,4029.0,1930.6447043095197,2994.464325890709,2188.063008930336,0.0,4029.0,4029.0,4029.0,1593.4168171158624,4029.0,4029.0,3,6,8,11,14,10,6,11,14,-1,7,15,13,6,5,1,20010.0,3073.4417880107403
0.0,100.0,0.0,100.0,0.0,100.0,100.0,100.0,100.0,0.0,100.0,100.0,0.0,100.0,100.0,100.0,4029.0,0.0,4029.0,996.138433461175,1680.3826763044913,4029.0,2515.3335454122002,3032.8615665388247,2348.617323695509,1428.4310169013895,4029.0,4029.0,4029.0,1513.6664545878,4029.0,2600.5689830986107,3,-1,8,11,14,10,6,11,14,1,7,15,13,6,5,1,19979.471332836933,2545.925116418942
100.0,100.0,0.0,100.0,100.0,100.0,100.0,0.0,100.0,0.0,0.0,100.0,0.0,100.0,99.97517994539588,100.0,4029.0,1518.130154857657,4029.0,1037.8745650195667,1437.4402635880892,4029.0,2140.2408940459936,2991.125434980433,4029.0,1501.8820467084142,2591.5597364119103,4029.0,4029.0,370.6289510963493,4029.0,2527.1179532915858,3,6,8,11,14,4,6,11,0,1,14,15,13,6,5,1,20700.0,4296.166490680873
100.0,100.0,0.0,100.0,100.0,100.0,100.0,0.0,100.0,0.0,100.0,100.0,0.0,100.0,100.0,100.0,4029.0,1314.5939891748217,4029.0,567.0909862855267,4029.0,4029.0,1681.0753677640635,3461.909013714473,4029.0,1437.15480751113,4029.0,4029.0,4029.0,1033.330643061115,4029.0,2591.84519248887,3,6,8,11,10,4,6,11,0,1,14,15,13,6,5,1,20699.545793000747,5768.554736901354
