interval,selection,decision,schedule,schedulingtime
1,"[0, 1, 2]","[(0, 15), (1, 8), (2, 10)]","[(0, 15), (1, 8), (2, 10), (None, None), (None, None), (None, None), (None, None), (None, None), (None, None), (None, None), (None, None), (None, None), (None, None), (None, None), (None, None), (None, None)]",0.012282133102416992
2,[],"[(3, 6), (4, 11), (5, 12), (6, 14)]","[(0, 15), (1, 8), (2, 10), (3, 6), (4, 11), (5, 12), (6, 14), (None, None), (None, None), (None, None), (None, None), (None, None), (None, None), (None, None), (None, None), (None, None)]",0.010268688201904297
3,[],"[(1, 6), (3, 11), (7, 8), (8, 4), (9, 11)]","[(0, 15), (1, 6), (2, 10), (3, 11), (4, 11), (5, 12), (6, 14), (7, 8), (8, 4), (9, 11), (None, None), (None, None), (None, None), (None, None), (None, None), (None, None)]",0.014638900756835938
4,[],"[(10, 15), (11, 4), (12, 0), (13, 6), (14, 5)]","[(0, 15), (1, 6), (2, 10), (3, 11), (4, 11), (5, 12), (6, 14), (7, 8), (8, 4), (9, 11), (None, None), (11, 4), (12, 0), (13, 6), (14, 5), (None, None)]",0.01022028923034668
5,[],"[(10, 7), (15, 2)]","[(0, 15), (1, 6), (2, 10), (3, 11), (4, 11), (5, 12), (6, 14), (7, 8), (8, 4), (9, 11), (10, 7), (11, 4), (12, 0), (13, 6), (14, 5), (15, 2)]",0.010203123092651367
6,[],"[(1, 6)]","[(0, 15), (1, 6), (2, 10), (3, 11), (4, 11), (5, 12), (6, 14), (7, 8), (8, 4), (9, 11), (10, 7), (11, 4), (12, 0), (13, 6), (14, 5), (15, 2)]",0.009867668151855469
7,[],[],"[(0, 15), (1, 6), (2, 10), (3, 11), (4, 11), (5, 12), (6, 14), (7, 8), (8, 4), (9, 11), (10, 7), (11, 4), (12, 0), (13, 6), (14, 5), (15, 2)]",0.010980606079101562
8,[],"[(6, 14)]","[(0, 15), (1, 6), (2, 10), (3, 11), (4, 11), (5, 12), (6, 14), (7, 8), (8, 4), (9, 11), (10, 7), (11, 4), (12, 0), (13, 6), (14, 5), (15, 2)]",0.010312557220458984
9,[],"[(2, 11)]","[(0, 15), (1, 6), (2, 11), (3, 11), (4, 11), (5, 12), (6, 14), (7, 8), (8, 4), (9, 11), (10, 7), (11, 4), (12, 0), (13, 6), (14, 5), (15, 2)]",0.009836912155151367
10,[],"[(7, 8)]","[(0, 15), (1, 6), (2, 11), (3, 11), (4, 11), (5, 12), (6, 14), (7, 8), (8, 4), (9, 11), (10, 7), (11, 4), (12, 0), (13, 6), (14, 5), (15, 2)]",0.02005147933959961
11,[],[],"[(0, 15), (1, 6), (2, 11), (3, 11), (4, 11), (5, 12), (6, 14), (7, 8), (8, 4), (9, 11), (10, 7), (11, 4), (12, 0), (13, 6), (14, 5), (15, 2)]",0.010026216506958008
12,[],"[(12, 14), (14, 5)]","[(0, 15), (1, 6), (2, 11), (3, 11), (4, 11), (5, 12), (6, 14), (7, 8), (8, 4), (9, 11), (10, 7), (11, 4), (12, 14), (13, 6), (14, 5), (15, 2)]",0.01178884506225586
13,[],"[(3, 11), (10, 14), (13, 10)]","[(0, 15), (1, 6), (2, 11), (3, 11), (4, 11), (5, 12), (6, 14), (7, 8), (8, 4), (9, 11), (10, 14), (11, 4), (12, 14), (13, 10), (14, 5), (15, 2)]",0.021762847900390625
14,[],"[(1, 6), (5, 12), (13, 15)]","[(0, 15), (1, 6), (2, 11), (3, 11), (4, 11), (5, 12), (6, 14), (7, 8), (8, 4), (9, 11), (10, 14), (11, 4), (12, 14), (13, 15), (14, 5), (15, 2)]",0.015518665313720703
15,[],[],"[(0, 15), (1, 6), (2, 11), (3, 11), (4, 11), (5, 12), (6, 14), (7, 8), (8, 4), (9, 11), (10, 14), (11, 4), (12, 14), (13, 15), (14, 5), (15, 2)]",0.009610891342163086
16,[],"[(3, 8)]","[(0, 15), (1, 6), (2, 11), (3, 8), (4, 11), (5, 12), (6, 14), (7, 8), (8, 4), (9, 11), (10, 14), (11, 4), (12, 14), (13, 15), (14, 5), (15, 2)]",0.010222434997558594
17,[],"[(2, 8), (7, 8)]","[(0, 15), (1, 6), (2, 8), (3, 8), (4, 11), (5, 12), (6, 14), (7, 8), (8, 4), (9, 11), (10, 14), (11, 4), (12, 14), (13, 15), (14, 5), (15, 2)]",0.01595592498779297
18,[],"[(4, 10), (5, 14), (7, 9), (9, 8)]","[(0, 15), (1, 6), (2, 8), (3, 8), (4, 10), (5, 12), (6, 14), (7, 9), (8, 4), (None, None), (10, 14), (11, 4), (12, 14), (13, 15), (14, 5), (15, 2)]",0.020479679107666016
19,[],"[(2, 10), (4, 14), (7, 10), (8, 0), (9, 11), (10, 14), (13, 15), (14, 5)]","[(0, 15), (1, 6), (2, 10), (3, 8), (4, 10), (5, 12), (6, 14), (7, 10), (8, 0), (9, 11), (None, None), (11, 4), (12, 14), (None, None), (14, 5), (15, 2)]",0.015094757080078125
20,[],"[(10, 5), (13, 10)]","[(0, 15), (1, 6), (2, 10), (3, 8), (4, 10), (5, 12), (6, 14), (7, 10), (8, 0), (9, 11), (10, 5), (11, 4), (12, 14), (13, 10), (14, 5), (15, 2)]",0.009721994400024414
21,[],"[(2, 11), (3, 12), (10, 7)]","[(0, 15), (1, 6), (2, 11), (3, 12), (4, 10), (5, 12), (6, 14), (7, 10), (8, 0), (9, 11), (10, 7), (11, 4), (12, 14), (13, 10), (14, 5), (15, 2)]",0.015453577041625977
22,[],[],"[(0, 15), (1, 6), (2, 11), (3, 12), (4, 10), (5, 12), (6, 14), (7, 10), (8, 0), (9, 11), (10, 7), (11, 4), (12, 14), (13, 10), (14, 5), (15, 2)]",0.00947117805480957
23,[],"[(2, 10), (6, 14), (14, 5), (15, 4)]","[(0, 15), (1, 6), (2, 11), (3, 12), (4, 10), (5, 12), (6, 14), (7, 10), (8, 0), (9, 11), (10, 7), (11, 4), (12, 14), (13, 10), (14, 5), (15, 4)]",0.016848087310791016
24,[],"[(0, 11), (2, 10), (11, 15)]","[(None, None), (1, 6), (2, 11), (3, 12), (4, 10), (5, 12), (6, 14), (7, 10), (8, 0), (9, 11), (10, 7), (11, 15), (12, 14), (13, 10), (14, 5), (15, 4)]",0.01107168197631836
25,[],"[(0, 3), (2, 10), (7, 11), (10, 3)]","[(0, 3), (1, 6), (None, None), (3, 12), (4, 10), (5, 12), (6, 14), (7, 10), (8, 0), (9, 11), (None, None), (11, 15), (12, 14), (13, 10), (14, 5), (15, 4)]",0.010361671447753906
26,[],"[(2, 10), (7, 9), (8, 0), (10, 7)]","[(0, 3), (1, 6), (None, None), (3, 12), (4, 10), (5, 12), (6, 14), (7, 9), (8, 0), (9, 11), (10, 7), (11, 15), (12, 14), (13, 10), (14, 5), (15, 4)]",0.02147507667541504
27,[],"[(2, 10), (15, 12)]","[(0, 3), (1, 6), (2, 10), (3, 12), (4, 10), (5, 12), (6, 14), (7, 9), (8, 0), (9, 11), (10, 7), (11, 15), (12, 14), (13, 10), (14, 5), (None, None)]",0.010228395462036133
28,[],"[(2, 12), (11, 9), (15, 6)]","[(0, 3), (1, 6), (2, 12), (3, 12), (4, 10), (5, 12), (6, 14), (7, 9), (8, 0), (9, 11), (10, 7), (11, 9), (12, 14), (13, 10), (14, 5), (15, 6)]",0.011147737503051758
29,[],"[(13, 15), (14, 5)]","[(0, 3), (1, 6), (2, 12), (3, 12), (4, 10), (5, 12), (6, 14), (7, 9), (8, 0), (9, 11), (10, 7), (11, 9), (12, 14), (13, 15), (14, 5), (15, 6)]",0.01013946533203125
30,[],"[(7, 11), (12, 5)]","[(0, 3), (1, 6), (2, 12), (3, 12), (4, 10), (5, 12), (6, 14), (7, 9), (8, 0), (9, 11), (10, 7), (11, 9), (None, None), (13, 15), (14, 5), (15, 6)]",0.01026773452758789
31,[],"[(5, 4), (12, 5)]","[(0, 3), (1, 6), (2, 12), (3, 12), (4, 10), (5, 4), (6, 14), (7, 9), (8, 0), (9, 11), (10, 7), (11, 9), (12, 5), (13, 15), (14, 5), (15, 6)]",0.010202407836914062
32,[],"[(4, 14), (6, 14), (7, 11)]","[(0, 3), (1, 6), (2, 12), (3, 12), (4, 14), (5, 4), (None, None), (None, None), (8, 0), (9, 11), (10, 7), (11, 9), (12, 5), (13, 15), (14, 5), (15, 6)]",0.010044097900390625
33,[],"[(0, 1), (6, 14), (7, 11), (13, 6)]","[(0, 1), (1, 6), (2, 12), (3, 12), (4, 14), (5, 4), (6, 14), (None, None), (8, 0), (9, 11), (10, 7), (11, 9), (12, 5), (None, None), (14, 5), (15, 6)]",0.010224580764770508
34,[],"[(7, 11), (13, 7)]","[(0, 1), (1, 6), (2, 12), (3, 12), (4, 14), (5, 4), (6, 14), (None, None), (8, 0), (9, 11), (10, 7), (11, 9), (12, 5), (13, 7), (14, 5), (15, 6)]",0.01127171516418457
35,[],"[(3, 0), (7, 2), (11, 7)]","[(0, 1), (1, 6), (2, 12), (None, None), (4, 14), (5, 4), (6, 14), (7, 2), (8, 0), (9, 11), (10, 7), (None, None), (12, 5), (13, 7), (14, 5), (15, 6)]",0.010082006454467773
36,[],"[(2, 13), (3, 11), (7, 9), (9, 14), (11, 4), (12, 14)]","[(0, 1), (1, 6), (2, 13), (3, 11), (4, 14), (5, 4), (6, 14), (7, 9), (8, 0), (9, 14), (10, 7), (11, 4), (12, 14), (13, 7), (14, 5), (15, 6)]",0.04107165336608887
37,[],"[(1, 6)]","[(0, 1), (None, None), (2, 13), (3, 11), (4, 14), (5, 4), (6, 14), (7, 9), (8, 0), (9, 14), (10, 7), (11, 4), (12, 14), (13, 7), (14, 5), (15, 6)]",0.010274171829223633
38,[],"[(1, 4)]","[(0, 1), (None, None), (2, 13), (3, 11), (4, 14), (5, 4), (6, 14), (7, 9), (8, 0), (9, 14), (10, 7), (11, 4), (12, 14), (13, 7), (14, 5), (15, 6)]",0.01002955436706543
39,[],"[(1, 6), (15, 11)]","[(0, 1), (1, 6), (2, 13), (3, 11), (4, 14), (5, 4), (6, 14), (7, 9), (8, 0), (9, 14), (10, 7), (11, 4), (12, 14), (13, 7), (14, 5), (None, None)]",0.009885311126708984
40,[],"[(3, 8), (15, 7)]","[(0, 1), (1, 6), (2, 13), (3, 8), (4, 14), (5, 4), (6, 14), (7, 9), (8, 0), (9, 14), (10, 7), (11, 4), (12, 14), (13, 7), (14, 5), (None, None)]",0.011178970336914062
41,[],"[(15, 10)]","[(0, 1), (1, 6), (2, 13), (3, 8), (4, 14), (5, 4), (6, 14), (7, 9), (8, 0), (9, 14), (10, 7), (11, 4), (12, 14), (13, 7), (14, 5), (15, 10)]",0.009502410888671875
42,[],"[(5, 8)]","[(0, 1), (1, 6), (2, 13), (3, 8), (4, 14), (5, 8), (6, 14), (7, 9), (8, 0), (9, 14), (10, 7), (11, 4), (12, 14), (13, 7), (14, 5), (15, 10)]",0.01015472412109375
43,[],"[(14, 1)]","[(0, 1), (1, 6), (2, 13), (3, 8), (4, 14), (5, 8), (6, 14), (7, 9), (8, 0), (9, 14), (10, 7), (11, 4), (12, 14), (13, 7), (14, 1), (15, 10)]",0.011606216430664062
44,[],"[(12, 2)]","[(0, 1), (1, 6), (2, 13), (3, 8), (4, 14), (5, 8), (6, 14), (7, 9), (8, 0), (9, 14), (10, 7), (11, 4), (12, 2), (13, 7), (14, 1), (15, 10)]",0.009901762008666992
45,[],"[(7, 8), (8, 0), (10, 3), (11, 0), (15, 9)]","[(0, 1), (1, 6), (2, 13), (3, 8), (4, 14), (5, 8), (6, 14), (None, None), (8, 0), (9, 14), (10, 3), (11, 0), (12, 2), (13, 7), (14, 1), (15, 9)]",0.009922266006469727
46,[],"[(6, 6), (7, 8), (14, 5)]","[(0, 1), (1, 6), (2, 13), (3, 8), (4, 14), (5, 8), (None, None), (None, None), (8, 0), (9, 14), (10, 3), (11, 0), (12, 2), (13, 7), (14, 5), (15, 9)]",0.0102691650390625
47,[],"[(4, 11), (6, 6), (7, 0)]","[(0, 1), (1, 6), (2, 13), (3, 8), (4, 11), (5, 8), (None, None), (7, 0), (8, 0), (9, 14), (10, 3), (11, 0), (12, 2), (13, 7), (14, 5), (15, 9)]",0.009946584701538086
48,[],"[(5, 4), (6, 6), (9, 8)]","[(0, 1), (1, 6), (2, 13), (3, 8), (4, 11), (5, 4), (None, None), (7, 0), (8, 0), (None, None), (10, 3), (11, 0), (12, 2), (13, 7), (14, 5), (15, 9)]",0.009743213653564453
49,[],"[(6, 9), (9, 1), (13, 10)]","[(0, 1), (1, 6), (2, 13), (3, 8), (4, 11), (5, 4), (None, None), (7, 0), (8, 0), (None, None), (10, 3), (11, 0), (12, 2), (13, 10), (14, 5), (15, 9)]",0.009841442108154297
50,[],"[(6, 6), (9, 7), (12, 2)]","[(0, 1), (1, 6), (2, 13), (3, 8), (4, 11), (5, 4), (None, None), (7, 0), (8, 0), (9, 7), (10, 3), (11, 0), (12, 2), (13, 10), (14, 5), (15, 9)]",0.01275324821472168
51,[],"[(2, 10), (6, 3)]","[(0, 1), (1, 6), (2, 13), (3, 8), (4, 11), (5, 4), (None, None), (7, 0), (8, 0), (9, 7), (10, 3), (11, 0), (12, 2), (13, 10), (14, 5), (15, 9)]",0.01137232780456543
52,[],"[(2, 10), (6, 6)]","[(0, 1), (1, 6), (2, 10), (3, 8), (4, 11), (5, 4), (None, None), (7, 0), (8, 0), (9, 7), (10, 3), (11, 0), (12, 2), (13, 10), (14, 5), (15, 9)]",0.010273933410644531
53,[],"[(0, 3), (6, 14), (7, 8), (10, 14), (13, 15), (14, 11)]","[(0, 3), (1, 6), (2, 10), (3, 8), (4, 11), (5, 4), (6, 14), (None, None), (8, 0), (9, 7), (10, 14), (11, 0), (12, 2), (13, 15), (14, 11), (15, 9)]",0.011487960815429688
54,[],"[(7, 11), (8, 4), (12, 9), (15, 11)]","[(0, 3), (1, 6), (2, 10), (3, 8), (4, 11), (5, 4), (6, 14), (7, 11), (None, None), (9, 7), (10, 14), (11, 0), (12, 9), (13, 15), (14, 11), (None, None)]",0.010632991790771484
55,[],"[(8, 10), (15, 2)]","[(0, 3), (1, 6), (2, 10), (3, 8), (4, 11), (5, 4), (6, 14), (7, 11), (None, None), (9, 7), (10, 14), (11, 0), (12, 9), (13, 15), (14, 11), (15, 2)]",0.009953022003173828
56,[],"[(4, 2), (8, 15)]","[(0, 3), (1, 6), (2, 10), (3, 8), (4, 2), (5, 4), (6, 14), (7, 11), (8, 15), (9, 7), (10, 14), (11, 0), (12, 9), (13, 15), (14, 11), (15, 2)]",0.010721921920776367
57,[],"[(5, 12), (9, 8)]","[(0, 3), (1, 6), (2, 10), (3, 8), (4, 2), (5, 12), (6, 14), (7, 11), (8, 15), (None, None), (10, 14), (11, 0), (12, 9), (13, 15), (14, 11), (15, 2)]",0.010076761245727539
58,[],"[(9, 8)]","[(0, 3), (1, 6), (2, 10), (3, 8), (4, 2), (5, 12), (6, 14), (7, 11), (8, 15), (None, None), (10, 14), (11, 0), (12, 9), (13, 15), (14, 11), (15, 2)]",0.009793281555175781
59,[],"[(9, 14)]","[(0, 3), (1, 6), (2, 10), (3, 8), (4, 2), (5, 12), (6, 14), (7, 11), (8, 15), (None, None), (10, 14), (11, 0), (12, 9), (13, 15), (14, 11), (15, 2)]",0.0176699161529541
60,[],"[(2, 10), (9, 6)]","[(0, 3), (1, 6), (2, 10), (3, 8), (4, 2), (5, 12), (6, 14), (7, 11), (8, 15), (None, None), (10, 14), (11, 0), (12, 9), (13, 15), (14, 11), (15, 2)]",0.010294914245605469
61,[],"[(5, 7), (9, 6), (11, 11)]","[(0, 3), (1, 6), (2, 10), (3, 8), (4, 2), (5, 7), (6, 14), (7, 11), (8, 15), (None, None), (10, 14), (11, 11), (12, 9), (13, 15), (14, 11), (15, 2)]",0.01024174690246582
62,[],"[(9, 8)]","[(0, 3), (1, 6), (2, 10), (3, 8), (4, 2), (5, 7), (6, 14), (7, 11), (8, 15), (None, None), (10, 14), (11, 11), (12, 9), (13, 15), (14, 11), (15, 2)]",0.010382413864135742
63,[],"[(7, 1), (9, 11), (14, 5)]","[(0, 3), (1, 6), (2, 10), (3, 8), (4, 2), (5, 7), (6, 14), (7, 1), (8, 15), (9, 11), (10, 14), (11, 11), (12, 9), (13, 15), (14, 5), (15, 2)]",0.01696467399597168
64,[],"[(12, 9)]","[(0, 3), (1, 6), (2, 10), (3, 8), (4, 2), (5, 7), (6, 14), (7, 1), (8, 15), (9, 11), (10, 14), (11, 11), (12, 9), (13, 15), (14, 5), (15, 2)]",0.012035369873046875
65,[],"[(5, 12)]","[(0, 3), (1, 6), (2, 10), (3, 8), (4, 2), (5, 12), (6, 14), (7, 1), (8, 15), (9, 11), (10, 14), (11, 11), (12, 9), (13, 15), (14, 5), (15, 2)]",0.010464191436767578
66,[],"[(1, 6), (10, 7)]","[(0, 3), (1, 6), (2, 10), (3, 8), (4, 2), (5, 12), (6, 14), (7, 0), (8, 15), (9, 11), (10, 7), (11, 11), (12, 9), (13, 15), (14, 5), (15, 2)]",0.010111808776855469
67,[],"[(11, 8)]","[(0, 3), (1, 6), (2, 10), (3, 8), (4, 2), (5, 12), (6, 14), (7, 0), (8, 15), (9, 11), (10, 7), (11, 8), (12, 9), (13, 15), (14, 5), (15, 2)]",0.010226726531982422
68,[],"[(3, 1), (14, 2)]","[(0, 3), (1, 6), (2, 10), (3, 1), (4, 2), (5, 12), (6, 14), (7, 0), (8, 15), (9, 11), (10, 7), (11, 8), (12, 9), (13, 15), (None, None), (15, 2)]",0.010398149490356445
69,[],"[(9, 6), (14, 5)]","[(0, 3), (1, 6), (2, 10), (3, 1), (4, 2), (5, 12), (6, 14), (7, 0), (8, 15), (9, 6), (10, 7), (11, 8), (12, 9), (13, 15), (14, 5), (15, 2)]",0.010529518127441406
70,[],"[(7, 1)]","[(0, 3), (1, 6), (2, 10), (3, 1), (4, 2), (5, 12), (6, 14), (7, 1), (8, 15), (9, 6), (10, 7), (11, 8), (12, 9), (13, 15), (14, 5), (15, 2)]",0.010738372802734375
71,[],"[(11, 6), (13, 2)]","[(0, 3), (1, 6), (2, 10), (3, 1), (4, 2), (5, 12), (6, 14), (7, 1), (8, 15), (9, 6), (10, 7), (11, 6), (12, 9), (None, None), (14, 5), (15, 2)]",0.009761571884155273
72,[],"[(8, 11), (13, 6)]","[(0, 3), (1, 6), (2, 10), (3, 1), (4, 2), (5, 12), (6, 14), (7, 1), (8, 11), (9, 6), (10, 7), (11, 6), (12, 9), (None, None), (14, 5), (15, 2)]",0.017957210540771484
73,[],"[(5, 4), (10, 7), (13, 15)]","[(0, 3), (1, 6), (2, 10), (3, 1), (4, 2), (5, 4), (6, 14), (7, 1), (8, 11), (9, 6), (10, 7), (11, 6), (12, 9), (13, 15), (14, 5), (15, 2)]",0.01442861557006836
74,[],"[(11, 4)]","[(0, 3), (1, 6), (2, 10), (3, 1), (4, 2), (5, 4), (6, 14), (7, 1), (8, 11), (9, 6), (10, 7), (11, 4), (12, 9), (13, 15), (14, 5), (15, 2)]",0.010622024536132812
75,[],"[(6, 9), (9, 6), (15, 1)]","[(0, 3), (1, 6), (2, 10), (3, 1), (4, 2), (5, 4), (6, 9), (7, 1), (8, 11), (None, None), (10, 7), (11, 4), (12, 9), (13, 15), (14, 5), (15, 1)]",0.009948015213012695
76,[],"[(9, 14), (13, 6)]","[(0, 3), (1, 6), (2, 10), (3, 1), (4, 2), (5, 4), (6, 9), (7, 1), (8, 11), (9, 14), (10, 7), (11, 4), (12, 9), (13, 6), (14, 5), (15, 1)]",0.01067805290222168
77,[],"[(0, 3)]","[(0, 3), (1, 6), (2, 10), (3, 1), (4, 2), (5, 4), (6, 9), (7, 1), (8, 11), (9, 14), (10, 7), (11, 4), (12, 9), (13, 6), (14, 5), (15, 1)]",0.010422706604003906
78,[],"[(10, 7), (12, 14), (14, 9)]","[(0, 3), (1, 6), (2, 10), (3, 1), (4, 2), (5, 4), (6, 9), (7, 1), (8, 11), (9, 14), (10, 7), (11, 4), (None, None), (13, 6), (14, 9), (15, 1)]",0.010479211807250977
79,[],"[(2, 12), (12, 14), (13, 15)]","[(0, 3), (1, 6), (2, 12), (3, 1), (4, 2), (5, 4), (6, 9), (7, 1), (8, 11), (9, 14), (10, 7), (11, 4), (12, 14), (13, 15), (14, 9), (15, 1)]",0.010826587677001953
80,[],"[(4, 2)]","[(0, 3), (1, 6), (2, 12), (3, 1), (4, 2), (5, 4), (6, 9), (7, 1), (8, 11), (9, 14), (10, 7), (11, 4), (12, 14), (13, 15), (14, 9), (15, 1)]",0.010052680969238281
81,[],"[(3, 1)]","[(0, 3), (1, 6), (2, 12), (3, 1), (4, 2), (5, 4), (6, 9), (7, 1), (8, 11), (9, 14), (10, 7), (11, 4), (12, 14), (13, 15), (14, 9), (15, 1)]",0.010727167129516602
82,[],"[(10, 7)]","[(0, 3), (1, 6), (2, 12), (3, 1), (4, 2), (5, 4), (6, 9), (7, 1), (8, 11), (9, 14), (10, 7), (11, 4), (12, 14), (13, 15), (14, 9), (15, 1)]",0.009680986404418945
83,[],"[(13, 6)]","[(0, 3), (1, 6), (2, 12), (3, 1), (4, 2), (5, 4), (6, 9), (7, 1), (8, 11), (9, 14), (10, 7), (11, 4), (12, 14), (13, 6), (14, 9), (15, 1)]",0.010999441146850586
84,[],"[(0, 15)]","[(0, 15), (1, 6), (2, 12), (3, 1), (4, 2), (5, 4), (6, 9), (7, 1), (8, 11), (9, 14), (10, 7), (11, 4), (12, 14), (13, 6), (14, 9), (15, 1)]",0.00996541976928711
85,[],"[(10, 7)]","[(0, 15), (1, 6), (2, 12), (3, 1), (4, 2), (5, 4), (6, 9), (7, 1), (8, 11), (9, 14), (10, 7), (11, 4), (12, 14), (13, 6), (14, 9), (15, 1)]",0.009912490844726562
86,[],"[(1, 4)]","[(0, 15), (None, None), (2, 12), (3, 1), (4, 2), (5, 4), (6, 9), (7, 1), (8, 11), (9, 14), (10, 7), (11, 4), (12, 14), (13, 6), (14, 9), (15, 1)]",0.010268688201904297
87,[],"[(1, 6), (4, 14), (5, 12), (12, 14)]","[(0, 15), (1, 6), (2, 12), (3, 1), (4, 14), (None, None), (6, 9), (7, 1), (8, 11), (9, 14), (10, 7), (11, 4), (None, None), (13, 6), (14, 9), (15, 1)]",0.01602029800415039
88,[],"[(3, 11), (5, 4), (6, 7), (7, 10), (12, 14)]","[(0, 15), (1, 6), (2, 12), (3, 1), (4, 14), (None, None), (None, None), (7, 10), (8, 11), (9, 14), (10, 7), (11, 4), (None, None), (13, 6), (14, 9), (15, 1)]",0.033769845962524414
89,[],"[(3, 11), (5, 4), (6, 14), (12, 14), (14, 1)]","[(0, 15), (1, 6), (2, 12), (3, 1), (4, 14), (None, None), (None, None), (7, 10), (8, 11), (9, 14), (10, 7), (11, 4), (None, None), (13, 6), (None, None), (15, 1)]",0.010536432266235352
90,[],"[(3, 11), (5, 4), (6, 14), (12, 14), (14, 5), (15, 13)]","[(0, 15), (1, 6), (2, 12), (3, 11), (4, 14), (None, None), (None, None), (7, 10), (8, 11), (9, 14), (10, 7), (11, 4), (None, None), (13, 6), (14, 5), (15, 13)]",0.011036396026611328
91,[],"[(0, 3), (5, 5), (6, 6), (12, 14)]","[(0, 3), (1, 6), (2, 12), (3, 11), (4, 14), (None, None), (6, 6), (7, 10), (8, 11), (9, 14), (10, 7), (11, 4), (None, None), (13, 6), (14, 5), (15, 13)]",0.018106460571289062
92,[],"[(5, 12), (7, 2), (12, 4)]","[(0, 3), (1, 6), (2, 12), (3, 11), (4, 14), (None, None), (6, 6), (7, 2), (8, 11), (9, 14), (10, 7), (11, 4), (None, None), (13, 6), (14, 5), (15, 13)]",0.011511564254760742
93,[],"[(5, 14), (12, 14)]","[(0, 3), (1, 6), (2, 12), (3, 11), (4, 14), (None, None), (6, 6), (7, 2), (8, 11), (9, 14), (10, 7), (11, 4), (None, None), (13, 6), (14, 5), (15, 13)]",0.010776758193969727
94,[],"[(5, 12), (11, 15), (12, 14)]","[(0, 3), (1, 6), (2, 12), (3, 11), (4, 14), (None, None), (6, 6), (7, 2), (8, 11), (9, 14), (10, 7), (11, 15), (None, None), (13, 6), (14, 5), (15, 13)]",0.009857177734375
95,[],"[(5, 5), (9, 11), (12, 13), (15, 1)]","[(0, 3), (1, 6), (2, 12), (3, 11), (4, 14), (None, None), (6, 6), (7, 2), (8, 11), (None, None), (10, 7), (11, 15), (12, 13), (13, 6), (14, 5), (15, 1)]",0.009437084197998047
96,[],"[(5, 12), (7, 11), (8, 14), (9, 7)]","[(0, 3), (1, 6), (2, 12), (3, 11), (4, 14), (None, None), (6, 6), (7, 11), (8, 14), (None, None), (10, 7), (11, 15), (12, 13), (13, 6), (14, 5), (15, 1)]",0.010403871536254883
97,[],"[(2, 8), (5, 10), (9, 11)]","[(0, 3), (1, 6), (2, 8), (3, 11), (4, 14), (5, 10), (6, 6), (7, 11), (8, 14), (None, None), (10, 7), (11, 15), (12, 13), (13, 6), (14, 5), (15, 1)]",0.01169896125793457
98,[],"[(1, 6), (9, 1)]","[(0, 3), (None, None), (2, 8), (3, 11), (4, 14), (5, 10), (6, 6), (7, 11), (8, 14), (9, 1), (10, 7), (11, 15), (12, 13), (13, 6), (14, 5), (15, 1)]",0.010679006576538086
99,[],"[(1, 6), (5, 4), (8, 0), (10, 14), (12, 13), (13, 15)]","[(0, 3), (1, 6), (2, 8), (3, 11), (4, 14), (5, 4), (6, 6), (7, 11), (8, 0), (9, 1), (10, 14), (11, 15), (12, 13), (13, 6), (14, 5), (15, 1)]",0.016473770141601562
100,[],"[(4, 10), (13, 6)]","[(0, 3), (1, 6), (2, 8), (3, 11), (4, 10), (5, 4), (6, 6), (7, 11), (8, 0), (9, 1), (10, 14), (11, 15), (12, 13), (13, 6), (14, 5), (15, 1)]",0.010393619537353516
101,[],"[(3, 11)]","[(0, 3), (1, 6), (2, 8), (3, 11), (4, 10), (5, 4), (6, 6), (7, 11), (8, 0), (9, 1), (10, 14), (11, 15), (12, 13), (13, 6), (14, 5), (15, 1)]",0.011297225952148438
