0.0,0.0,0.0,0.0,0.0,0.0,0.0,0.0,100.0,0.0,100.0,0.0,0.0,0.0,99.97517994539588,0.0,1151.2131950285216,1382.6725428457012,2646.327457154299,4029.0,2877.786804971478,0.0,0.0,0.0,0.0,0.0,0.0,0.0,0.0,0.0,0.0,0.0,14,10,10,8,14,-1,-1,-1,-1,-1,-1,-1,-1,-1,-1,-1,15780.0,0.0
100.0,0.0,0.0,0.0,0.0,0.0,100.0,0.0,100.0,0.0,100.0,0.0,0.0,0.0,100.0,0.0,1940.9235674017239,4029.0,1847.44137056893,4029.0,2088.076432598276,0.0,0.0,2181.5586294310697,4029.0,0.0,0.0,0.0,0.0,0.0,0.0,0.0,14,6,10,8,14,-1,-1,10,0,-1,-1,-1,-1,-1,-1,-1,18600.0,0.0
100.0,100.0,100.0,0.0,0.0,0.0,100.0,0.0,100.0,0.0,100.0,0.0,100.0,0.0,100.0,100.0,1491.7800554225416,532.710356926975,1981.4356153649167,4029.0,4029.0,4029.0,3496.289643073025,1521.339638447312,4029.0,2537.219944577458,4029.0,0.0,4029.0,526.2247461877716,0.0,0.0,1,6,10,8,14,12,6,10,0,1,15,-1,2,10,-1,-1,19980.0,0.0
100.0,100.0,100.0,100.0,0.0,100.0,100.0,0.0,100.0,0.0,100.0,0.0,100.0,0.0,100.0,100.0,1855.781852303219,30.502860075676153,1851.6182620862442,4029.0,4029.0,4029.0,3998.4971399243236,1607.8769235825364,4029.0,2173.218147696781,4029.0,0.0,4029.0,569.5048143312197,4029.0,4029.0,1,6,10,8,14,12,6,10,0,1,15,-1,2,10,5,3,19950.0,1010.426213202353
100.0,100.0,100.0,100.0,100.0,100.0,100.0,0.0,0.0,0.0,100.0,0.0,100.0,0.0,100.0,100.0,1358.4697920829622,732.9890222043803,1916.0332157058506,0.0,4029.0,4029.0,3296.01097779562,1546.3132258446224,4029.0,2670.530207917038,4029.0,4029.0,4029.0,566.6535584495268,4029.0,4029.0,1,6,10,-1,14,12,6,10,0,1,15,4,2,10,5,3,19949.01712583768,0.0
100.0,100.0,100.0,100.0,100.0,100.0,99.97517994539588,0.0,0.0,0.0,99.97517994539588,0.0,100.0,0.0,100.0,100.0,1920.6905212896934,439.2020202266255,1909.2428447550958,0.0,4029.0,4029.0,3589.797979773374,1572.3868500989192,4029.0,2108.3094787103064,4029.0,4029.0,4029.0,547.3703051459847,4029.0,4029.0,1,6,10,-1,14,12,6,10,0,1,15,4,2,10,5,3,20669.471332836933,0.0
100.0,100.0,100.0,100.0,100.0,100.0,100.0,0.0,0.0,100.0,99.97517994539588,0.0,100.0,0.0,100.0,100.0,1848.3737654017586,652.4049081141383,1886.7081864050442,4029.0,4029.0,4029.0,3376.5950918858616,1640.2281796040215,4029.0,2180.6262345982414,4029.0,4029.0,4029.0,502.06363399093397,4029.0,4029.0,1,6,10,9,14,12,6,10,0,1,15,4,2,10,5,3,19950.0,1476.103852425902
0.0,100.0,100.0,100.0,100.0,100.0,100.0,100.0,0.0,100.0,100.0,0.0,100.0,0.0,100.0,0.0,1862.0921978767929,263.12290091338514,1785.414810025837,4029.0,4029.0,4029.0,3765.877099086615,1725.1641157009192,844.0625884555385,2166.907802123207,4029.0,3184.9374115444616,4029.0,518.4210742732438,4029.0,4029.0,1,6,10,9,14,12,6,10,4,1,7,4,2,10,5,3,19950.0,2169.1441952155255
0.0,100.0,100.0,100.0,100.0,100.0,100.0,100.0,0.0,100.0,100.0,0.0,100.0,0.0,100.0,0.0,2110.748227986921,807.0082919655266,1904.1025278345978,4029.0,4029.0,4029.0,3221.9917080344735,1731.5665123417327,1290.5792647326239,1918.2517720130788,4029.0,2738.420735267376,4029.0,393.3309598236694,4029.0,4029.0,1,6,10,9,14,12,6,10,4,1,7,4,2,10,5,3,19950.0,2683.0421734832057
0.0,100.0,100.0,100.0,100.0,100.0,100.0,100.0,0.0,100.0,100.0,0.0,100.0,0.0,100.0,0.0,2222.3785346056106,861.3126205445685,1835.4738249135373,4029.0,4029.0,4029.0,3167.6873794554313,1649.2444789458214,1284.645488994012,1806.6214653943894,4029.0,2744.3545110059877,4029.0,544.2816961406413,4029.0,4029.0,1,6,10,9,14,12,6,10,4,1,7,4,2,10,5,3,19260.0,1958.1621576888624
0.0,100.0,100.0,100.0,100.0,0.0,100.0,100.0,0.0,100.0,100.0,0.0,100.0,0.0,100.0,0.0,2179.735226447583,903.1240652508625,1404.9280849491247,4029.0,4029.0,4029.0,3125.8759347491373,1804.7733411250892,1269.811047860501,1849.264773552417,4029.0,2759.1889521394987,4029.0,819.2985739257858,0.0,4029.0,1,6,10,9,14,12,6,10,4,1,7,4,2,10,-1,3,19289.471332836933,2167.4470218643537
0.0,100.0,100.0,0.0,100.0,0.0,100.0,100.0,0.0,100.0,99.97517994539588,0.0,100.0,100.0,100.0,0.0,1272.7779737636113,730.325635555167,1585.5423725267449,4029.0,4029.0,4029.0,3298.6743644448334,1777.2489838267002,1321.7315917036924,2756.222026236389,4029.0,2707.268408296308,4029.0,666.2086436465547,4029.0,0.0,1,6,10,9,14,12,6,10,4,1,7,4,2,10,13,-1,20010.0,3461.7413483910877
0.0,100.0,100.0,0.0,100.0,0.0,100.0,100.0,0.0,100.0,100.0,0.0,100.0,100.0,100.0,100.0,4029.0,848.557283899435,2048.8022400871437,4029.0,4029.0,4029.0,3180.442716100565,1528.4555986846767,801.5831915533687,4029.0,4029.0,2287.9942080126984,4029.0,451.74216122818035,4029.0,939.422600433933,15,6,10,9,14,12,6,10,4,1,7,4,2,10,13,4,20009.545793000747,0.0
0.0,100.0,100.0,0.0,99.97517994539588,0.0,100.0,100.0,0.0,100.0,100.0,0.0,100.0,100.0,100.0,100.0,4029.0,841.2416207201517,2193.0508458764693,4029.0,4029.0,4029.0,3187.7583792798487,1664.4881989544479,548.1698598100844,4029.0,4029.0,2847.5082469706754,4029.0,171.4609551690834,4029.0,633.32189321924,15,6,10,9,14,12,6,10,4,1,7,4,2,10,13,4,19319.545793000747,3431.409023982617
0.0,0.0,100.0,0.0,100.0,0.0,99.97517994539588,100.0,0.0,100.0,100.0,0.0,100.0,100.0,100.0,100.0,4029.0,467.88266814800465,1916.5710617138377,4029.0,4029.0,4029.0,3561.117331851995,1787.8537004655032,884.4111019797795,2283.2314979984626,1745.7685020015374,2213.577045332703,4029.0,324.5752378206589,4029.0,931.0118526875175,15,6,10,9,14,12,6,10,4,7,7,4,2,10,13,4,19320.0,0.0
0.0,0.0,100.0,0.0,100.0,0.0,100.0,100.0,0.0,100.0,100.0,0.0,100.0,100.0,100.0,100.0,4029.0,222.60314874380697,1872.0395850118696,4029.0,4029.0,4029.0,3806.396851256193,1732.3675616430553,838.3079434657741,2222.1820595362933,1806.817940463707,2330.6527374506963,4029.0,424.592853345075,4029.0,860.0393190835296,15,6,10,9,14,12,6,10,4,7,7,4,2,10,13,4,19320.0,0.0
0.0,0.0,100.0,0.0,100.0,0.0,100.0,100.0,0.0,100.0,100.0,0.0,100.0,100.0,100.0,100.0,4029.0,513.670885918661,1881.1060893110498,4029.0,4029.0,4029.0,3515.329114081339,1615.455417209271,782.0519383362315,2237.9293921849594,1791.0706078150404,2333.734495564599,4029.0,532.4384934796788,4029.0,913.2135660991694,15,6,10,9,14,12,6,10,4,7,7,4,2,10,13,4,19320.0,0.0
0.0,0.0,100.0,0.0,100.0,0.0,100.0,100.0,0.0,100.0,100.0,0.0,100.0,100.0,100.0,100.0,4029.0,484.91488976477604,1892.7484655620824,4029.0,4029.0,4029.0,3544.085110235224,1649.0071232356524,745.9532765460355,2573.644242801553,1455.3557571984472,2395.543145027236,4029.0,487.24441120226567,4029.0,887.5035784267286,15,6,10,9,14,12,6,10,4,7,7,4,2,10,13,4,20040.0,1786.3444725567647
0.0,0.0,100.0,0.0,100.0,0.0,100.0,100.0,100.0,100.0,100.0,0.0,100.0,100.0,100.0,100.0,4029.0,659.0826526106567,1985.4500433949288,4029.0,4029.0,4029.0,3369.9173473893434,1626.684715768292,416.50772747464214,4029.0,4029.0,3065.9389246117244,4029.0,416.86524083677864,4029.0,546.5533479136333,15,6,10,9,14,12,6,10,4,8,7,4,2,10,13,4,20039.471332836933,3462.0004749705427
0.0,0.0,100.0,100.0,100.0,0.0,100.0,0.0,100.0,100.0,99.97517994539588,0.0,100.0,100.0,100.0,100.0,4029.0,570.1136569835218,1812.3275189140538,4029.0,4029.0,4029.0,3458.8863430164783,1543.9381799984044,121.05586996511329,4029.0,4029.0,3669.4541969834054,4029.0,672.7343010875416,4029.0,238.489933051482,15,6,10,9,14,12,6,10,4,8,3,4,2,10,13,4,19319.471332836933,2524.208354800163
0.0,0.0,100.0,100.0,100.0,0.0,100.0,0.0,100.0,100.0,99.97517994539588,0.0,100.0,0.0,100.0,100.0,4029.0,807.0082919655266,1737.1077678731988,4029.0,4029.0,4029.0,3221.9917080344735,1638.5157422050454,396.9673427452018,4029.0,4029.0,3076.0674235391784,4029.0,653.3764899217555,0.0,555.9652337156197,15,6,10,9,14,12,6,10,4,8,3,4,2,10,-1,4,20009.545793000747,0.0
0.0,0.0,100.0,100.0,99.97517994539588,100.0,100.0,0.0,100.0,100.0,100.0,0.0,100.0,0.0,100.0,100.0,4029.0,908.3389450792168,1819.693011580279,4029.0,4029.0,4029.0,3120.6610549207835,1567.7356706380162,445.5535617691851,4029.0,4029.0,2985.2098955805495,4029.0,641.5713177817053,4029.0,598.2365426502652,15,6,10,9,14,12,6,10,4,8,3,4,2,10,5,4,19980.0,1010.387835522353
0.0,100.0,100.0,100.0,100.0,100.0,100.0,0.0,100.0,100.0,100.0,0.0,100.0,0.0,100.0,0.0,4029.0,860.712396730017,1781.7389044501476,4029.0,4029.0,4029.0,3168.2876032699833,1658.4988823068863,374.3391144441687,4029.0,4029.0,3029.704088114076,4029.0,588.7622132429664,4029.0,624.9567974417554,1,6,10,9,14,12,6,10,4,8,3,4,2,10,5,4,20009.545793000747,6145.497635225596
0.0,100.0,0.0,0.0,99.97517994539588,100.0,100.0,100.0,100.0,100.0,100.0,100.0,100.0,0.0,100.0,0.0,4029.0,2274.933428963847,1128.1980075343527,4029.0,4029.0,4029.0,1754.0665710361534,1128.1980075343527,375.57912198622705,4029.0,4029.0,3072.4805310880834,4029.0,1772.603984931295,4029.0,580.9403469256891,1,6,10,9,14,12,6,10,4,8,7,4,11,10,5,4,20010.0,6777.692087248689
0.0,100.0,0.0,0.0,100.0,100.0,100.0,100.0,100.0,100.0,100.0,100.0,100.0,0.0,100.0,0.0,4029.0,1396.8052419752112,2803.6922656620027,4029.0,4029.0,4029.0,2632.194758024789,0.0,434.7959291137331,4029.0,4029.0,2974.4522626272674,4029.0,1225.3077343379978,4029.0,619.7518082589996,1,6,10,9,14,12,6,-1,4,8,7,4,11,10,5,4,19980.0,5496.906751265218
0.0,100.0,100.0,0.0,100.0,100.0,100.0,100.0,100.0,100.0,100.0,100.0,100.0,0.0,0.0,0.0,4029.0,0.0,4029.0,4029.0,1428.141247759917,4029.0,4029.0,2600.858752240083,444.1925971515129,4029.0,4029.0,2957.14693631697,4029.0,0.0,4029.0,627.6604665315172,1,-1,10,9,2,12,6,2,4,8,7,4,11,-1,5,4,19979.545793000747,0.0
0.0,100.0,100.0,0.0,99.97517994539588,100.0,100.0,100.0,100.0,100.0,100.0,100.0,100.0,0.0,0.0,0.0,4029.0,0.0,2472.588659663613,4029.0,1612.1008869519032,4029.0,4029.0,2416.8991130480968,374.4661718358804,4029.0,4029.0,2472.0561410954124,4029.0,1556.4113403363872,4029.0,1182.477687068707,1,-1,10,9,2,12,6,2,4,8,7,4,11,10,5,4,18570.0,4370.951568899447
0.0,0.0,100.0,0.0,100.0,100.0,100.0,100.0,100.0,0.0,100.0,100.0,100.0,0.0,0.0,0.0,0.0,2020.6392026146318,2473.886102588429,1480.5742379433289,1508.669449644574,2548.4257620566714,2008.3607973853684,2520.330550355426,0.0,4029.0,4029.0,2496.114940350527,4029.0,1555.1138974115713,4029.0,1532.885059649473,-1,6,10,12,2,12,6,2,-1,8,7,4,11,10,5,4,19259.545793000747,0.0
100.0,0.0,100.0,0.0,99.97517994539588,100.0,100.0,100.0,100.0,0.0,100.0,100.0,100.0,0.0,0.0,0.0,0.0,1872.995418715801,2495.5843260237084,1432.5334662630785,1543.0340053873279,2596.4665337369215,2156.004581284199,2485.965994612672,4029.0,4029.0,4029.0,4757.388156407973,4029.0,1533.4156739762918,4029.0,-728.3881564079734,-1,6,10,12,2,12,6,2,0,8,7,4,11,10,5,4,19259.545793000747,4800.0
100.0,0.0,99.97517994539588,0.0,100.0,100.0,100.0,100.0,100.0,0.0,100.0,100.0,100.0,0.0,0.0,0.0,0.0,2020.7521746292632,2474.0721037720004,1436.6414657136334,1518.6861207116604,2592.3585342863666,2008.2478253707368,2510.313879288339,4029.0,4029.0,4029.0,4029.0,4029.0,1554.9278962279996,2792.5095303455587,1236.4904696544415,-1,6,10,12,2,12,6,2,0,8,7,4,11,10,5,5,19289.471332836933,7527.920227379848
100.0,0.0,100.0,0.0,0.0,100.0,100.0,100.0,100.0,0.0,99.97517994539588,100.0,100.0,0.0,0.0,100.0,0.0,2058.7933915199746,2480.1918813891207,1424.3174673619683,1465.4510128939796,2604.6825326380317,1970.2066084800251,2563.5489871060204,4029.0,4029.0,4029.0,4029.0,4029.0,1548.8081186108789,2806.316970498284,1222.6830295017162,-1,6,10,12,2,12,6,2,0,8,7,15,11,10,5,5,19290.0,0.0
100.0,0.0,100.0,0.0,0.0,100.0,100.0,100.0,100.0,0.0,100.0,100.0,100.0,0.0,0.0,100.0,0.0,2009.6103691009466,2487.2416649241,1454.3286852422627,1464.550676810991,2574.6713147577375,2019.3896308990536,2564.4493231890087,4029.0,4029.0,4029.0,4029.0,4029.0,1541.7583350759,2820.0102997629856,1208.9897002370146,-1,6,10,12,2,12,6,2,0,8,7,15,11,10,5,5,19260.0,3929.4939678538344
100.0,100.0,100.0,0.0,0.0,100.0,100.0,100.0,0.0,0.0,100.0,100.0,100.0,0.0,0.0,100.0,4029.0,1571.46257545631,2477.4109943559183,1492.5559020236672,1452.226678459326,2536.444097976333,1592.4224467133824,2576.773321540674,4029.0,865.1149778303078,4029.0,4029.0,4029.0,1551.5890056440817,2538.9547007767596,1490.0452992232404,1,6,10,12,2,12,6,2,0,6,7,15,11,10,5,5,19259.01712583768,4162.613521953883
100.0,100.0,99.97517994539588,0.0,0.0,100.0,100.0,100.0,0.0,0.0,100.0,100.0,99.97517994539588,0.0,0.0,100.0,4029.0,1615.8198409558172,2477.4109943559183,1454.4427966660382,1497.0769023363632,2574.5572033339613,1545.016133866247,2531.9230976636363,4029.0,868.1640251779359,4029.0,4029.0,4029.0,1551.5890056440817,2697.7973595971466,1331.2026404028531,1,6,10,12,2,12,6,2,0,6,7,15,11,10,5,5,19230.0,1016.6334134194508
100.0,100.0,100.0,0.0,100.0,100.0,100.0,100.0,0.0,0.0,100.0,100.0,100.0,0.0,0.0,0.0,4029.0,1899.8621260767645,2482.419330231795,1461.403573840739,1560.1597961815971,2567.596426159261,815.3502485362445,2468.840203818403,4029.0,1313.7876253869913,4029.0,4029.0,4029.0,1546.5806697682049,3003.500948232924,1025.499051767076,1,6,10,12,2,12,6,2,0,6,7,4,11,10,5,5,19229.09158600149,3085.4596094306526
100.0,100.0,99.97517994539588,0.0,100.0,99.97517994539588,100.0,100.0,0.0,0.0,100.0,100.0,100.0,0.0,0.0,0.0,4029.0,2380.1119088166643,2484.646779074469,1055.9667948705,1205.224108240665,2973.0332051295,1799.400759106385,2823.7758917593346,4029.0,1648.8880911833362,4029.0,4029.0,2229.599240893615,1544.353220925531,2942.337398742944,1086.6626012570555,1,6,10,12,2,12,11,2,0,6,7,4,11,10,5,5,19950.0,2870.3221480533634
100.0,100.0,100.0,0.0,100.0,100.0,100.0,100.0,0.0,0.0,100.0,100.0,100.0,100.0,0.0,0.0,4029.0,2341.8846912079543,2808.1425979871638,2592.127989091703,4029.0,1436.8720109082967,1800.8842022642266,4029.0,4029.0,1687.1153087920459,4029.0,4029.0,2228.1157977357734,1220.8574020128362,1600.61910538047,2428.3808946195304,1,6,10,12,13,12,11,2,0,6,7,4,11,10,5,5,19950.0,3922.452650798634
100.0,100.0,100.0,0.0,100.0,100.0,100.0,100.0,0.0,0.0,100.0,100.0,100.0,100.0,0.0,0.0,4029.0,2135.2294926175723,1787.1872177569956,4029.0,4029.0,1938.042267265261,1796.4338706665233,2395.9734687175896,4029.0,1893.770507382428,4029.0,4029.0,2232.5661293334765,303.7705149777434,1633.0265312824106,4029.0,1,6,10,12,13,10,11,2,0,6,7,4,11,10,2,5,19949.017125837676,1313.9513840679738
100.0,100.0,99.97517994539588,0.0,100.0,100.0,100.0,100.0,0.0,0.0,99.97517994539588,100.0,100.0,100.0,0.0,0.0,4029.0,2478.703947583632,1883.8575750073117,4029.0,4029.0,1743.9575469097708,2263.7186884253733,2095.7472225748443,4029.0,1550.2960524163684,4029.0,4029.0,1765.2813115746267,401.1848780829173,1933.2527774251553,4029.0,1,6,10,12,13,10,11,2,0,6,7,4,11,10,2,5,20670.0,1984.1206142257174
100.0,100.0,100.0,0.0,100.0,100.0,100.0,100.0,0.0,100.0,100.0,100.0,100.0,100.0,0.0,0.0,4029.0,4029.0,1737.5557355128951,4029.0,4029.0,2016.8998819608134,4029.0,2198.7895183182663,4029.0,0.0,4029.0,4029.0,4029.0,274.54438252629177,1830.2104816817339,4029.0,1,6,10,12,13,10,11,2,0,-1,7,4,9,10,2,5,19980.0,2805.5697646779213
100.0,100.0,100.0,0.0,100.0,0.0,100.0,100.0,0.0,0.0,100.0,100.0,100.0,100.0,100.0,0.0,4029.0,2269.1002300704777,2014.5,4029.0,4029.0,1924.3397250084024,2560.683771611956,2114.2331957136594,4029.0,4029.0,1468.316228388044,2104.6602749915974,4029.0,2014.5,1914.7668042863406,1759.8997699295223,1,6,10,12,13,4,7,2,0,11,7,4,14,10,2,6,19980.0,3025.854405397674
100.0,100.0,100.0,0.0,100.0,0.0,100.0,100.0,0.0,0.0,100.0,100.0,100.0,100.0,100.0,0.0,4029.0,2262.055012803439,4029.0,4029.0,4029.0,2013.064524884373,2565.510666854664,2402.820122854856,4029.0,4029.0,1463.4893331453359,2015.9354751156272,4029.0,0.0,1626.179877145144,1766.9449871965612,1,6,10,12,13,4,7,2,0,11,7,4,14,-1,2,6,19260.0,1573.110302697534
100.0,100.0,100.0,0.0,100.0,0.0,100.0,100.0,0.0,0.0,100.0,100.0,0.0,100.0,100.0,0.0,4029.0,2282.823229625923,4029.0,0.0,4029.0,1915.8053584499933,2548.2673357797376,1281.6786380784479,4029.0,4029.0,1480.732664220263,2113.194641550007,4029.0,0.0,2747.321361921552,1746.1767703740768,1,6,10,-1,13,4,7,2,0,11,7,4,14,-1,2,6,21420.0,5206.8715804699605
100.0,100.0,100.0,0.0,100.0,0.0,100.0,100.0,100.0,100.0,100.0,100.0,0.0,100.0,100.0,100.0,4029.0,2276.3314488508695,4029.0,4029.0,4029.0,1932.199699256336,2565.510666854664,4029.0,4029.0,4029.0,1463.4893331453359,2096.8003007436637,4029.0,4029.0,4029.0,1752.6685511491307,1,6,10,9,13,4,7,8,0,11,7,4,14,15,2,6,21419.545793000747,4742.318353975818
100.0,100.0,100.0,0.0,100.0,0.0,100.0,99.97517994539588,100.0,100.0,100.0,100.0,0.0,100.0,100.0,100.0,4029.0,2281.1537840538213,4029.0,4029.0,4029.0,1724.7936542984423,2812.5930960701253,4029.0,4029.0,4029.0,1216.4069039298743,2304.2063457015574,4029.0,4029.0,4029.0,1747.8462159461785,1,6,10,9,13,4,7,8,0,11,7,4,14,15,2,6,20700.0,2260.468330464622
100.0,100.0,100.0,0.0,100.0,0.0,100.0,100.0,100.0,100.0,100.0,100.0,0.0,0.0,100.0,100.0,4029.0,2343.8532777883474,1436.8720109082967,4029.0,2592.127989091703,1838.335336116971,4029.0,4029.0,4029.0,4029.0,0.0,2190.664663883029,4029.0,4029.0,4029.0,1685.1467222116528,1,6,10,9,10,4,7,8,0,11,-1,4,14,15,2,6,20669.545793000747,1644.617156836554
100.0,100.0,99.97517994539588,100.0,100.0,0.0,100.0,100.0,100.0,100.0,100.0,100.0,0.0,0.0,0.0,100.0,4029.0,2567.086484365652,0.0,4029.0,4029.0,1583.3038886098147,4029.0,4029.0,4029.0,4029.0,4029.0,2445.6961113901853,2480.8298357527183,4029.0,1548.1701642472813,1461.9135156343484,1,6,-1,9,10,4,7,8,0,11,3,4,2,15,2,6,21389.545793000747,2061.1134900326488
100.0,100.0,99.97517994539588,100.0,100.0,0.0,100.0,100.0,100.0,100.0,100.0,100.0,0.0,100.0,0.0,100.0,4029.0,4029.0,0.0,4029.0,4029.0,1427.5171271302518,4029.0,4029.0,4029.0,4029.0,4029.0,2601.4828728697485,2220.373553191229,4029.0,1808.6264468087707,4029.0,1,6,-1,9,10,4,7,8,0,11,3,4,2,15,2,13,20670.0,1447.4735130983527
100.0,100.0,100.0,100.0,100.0,0.0,100.0,100.0,100.0,100.0,100.0,100.0,0.0,100.0,0.0,0.0,4029.0,4029.0,0.0,4029.0,1587.1219612886607,1447.4580471768895,4029.0,4029.0,4029.0,4029.0,4029.0,2581.5419528231105,1984.7010807474373,2441.8780387113393,2044.2989192525624,4029.0,1,6,-1,9,10,4,7,8,0,11,3,4,2,10,2,13,20669.545793000747,1298.797092867137
100.0,100.0,100.0,100.0,99.97517994539588,0.0,100.0,100.0,100.0,100.0,100.0,100.0,0.0,100.0,0.0,0.0,4029.0,4029.0,0.0,4029.0,1922.680451487317,1818.0406844308673,4029.0,4029.0,4029.0,4029.0,4029.0,2210.9593155691323,2922.6782046835915,2106.319548512683,1106.321795316409,4029.0,1,6,-1,9,10,4,7,8,0,11,3,4,2,10,2,13,21390.0,3421.653403819094
100.0,100.0,100.0,100.0,100.0,100.0,0.0,100.0,100.0,100.0,100.0,100.0,0.0,100.0,0.0,100.0,4029.0,4029.0,981.2870371045937,4029.0,1401.9869189834792,1933.4777555706187,4029.0,4029.0,4029.0,4029.0,4029.0,2095.5222444293813,4029.0,1645.7260439119273,4029.0,4029.0,1,15,10,9,10,4,7,8,0,11,3,4,2,10,5,13,21390.0,0.0
100.0,100.0,100.0,100.0,100.0,100.0,0.0,100.0,100.0,100.0,100.0,100.0,0.0,100.0,0.0,100.0,4029.0,4029.0,714.1757677682632,4029.0,1338.5480159102287,1922.3530588227495,4029.0,4029.0,4029.0,4029.0,4029.0,2106.6469411772505,4029.0,1976.2762163215077,4029.0,4029.0,1,15,10,9,10,4,7,8,0,11,3,4,2,10,5,13,21419.545793000747,2537.4697867408377
100.0,100.0,100.0,0.0,99.97517994539588,100.0,0.0,100.0,100.0,100.0,100.0,100.0,0.0,100.0,100.0,100.0,4029.0,4029.0,1600.477661185847,4029.0,1481.946911153123,1815.0201613330814,4029.0,4029.0,4029.0,4029.0,4029.0,2213.979838666918,2428.522338814153,2547.053088846877,4029.0,4029.0,1,15,2,9,10,4,14,8,0,11,7,4,2,10,5,13,22140.0,930.8429016910457
100.0,100.0,100.0,0.0,100.0,100.0,0.0,100.0,100.0,100.0,100.0,100.0,100.0,100.0,100.0,100.0,4029.0,4029.0,4029.0,4029.0,1934.3665686137595,2051.1057417750844,4029.0,4029.0,4029.0,4029.0,4029.0,1977.8942582249153,4029.0,2094.6334313862408,4029.0,4029.0,1,15,12,9,10,4,14,8,0,11,7,4,2,10,5,13,21450.0,3732.3052589979216
100.0,0.0,100.0,0.0,100.0,100.0,0.0,100.0,100.0,100.0,100.0,100.0,100.0,100.0,100.0,100.0,1403.4830518476965,2625.5169481523035,4029.0,4029.0,1885.952656444966,1780.693261815955,4029.0,4029.0,4029.0,4029.0,4029.0,2248.306738184045,4029.0,2143.047343555034,4029.0,4029.0,15,15,12,9,10,4,14,8,0,11,7,4,2,10,5,13,21450.0,0.0
100.0,0.0,100.0,0.0,100.0,100.0,0.0,100.0,100.0,100.0,100.0,100.0,100.0,100.0,100.0,100.0,1530.3609043408055,2498.6390956591945,4029.0,4029.0,1575.4358443362373,1880.5975245584527,4029.0,4029.0,4029.0,4029.0,4029.0,2148.4024754415473,4029.0,2453.564155663763,4029.0,4029.0,15,15,12,9,10,4,14,8,0,11,7,4,2,10,5,13,20760.0,1342.549782775986
100.0,0.0,100.0,0.0,100.0,100.0,0.0,0.0,100.0,100.0,100.0,100.0,100.0,100.0,100.0,100.0,1351.7302585918821,2677.2697414081176,4029.0,4029.0,1713.9997978375948,1956.5852416981306,2174.7121012062858,4029.0,4029.0,4029.0,1854.2878987937145,2072.4147583018694,4029.0,2315.0002021624055,4029.0,4029.0,15,15,12,9,10,4,14,8,0,11,14,4,2,10,5,13,20040.0,4168.423490310876
100.0,0.0,100.0,0.0,100.0,100.0,0.0,0.0,0.0,100.0,100.0,100.0,100.0,100.0,100.0,100.0,969.4272872239745,3059.5727127760256,4029.0,4029.0,1949.3915755025203,2012.1265312064238,2217.7319847376575,1380.5172100879483,4029.0,2648.482789912052,1811.2680152623423,2016.8734687935762,4029.0,2079.60842449748,4029.0,4029.0,15,15,12,9,10,4,14,11,0,11,14,4,2,10,5,13,20039.545793000747,0.0
100.0,0.0,100.0,0.0,99.97517994539588,100.0,0.0,0.0,0.0,100.0,100.0,100.0,100.0,100.0,100.0,100.0,1386.7886087416637,2642.2113912583363,4029.0,4029.0,2139.7085357182186,1852.3105246444588,2222.182313790113,1380.8892130427637,4029.0,2648.110786957236,1806.8176862098874,2176.6894753555407,4029.0,1889.2914642817818,4029.0,4029.0,15,15,12,9,10,4,14,11,0,11,14,4,2,10,5,13,19320.0,2940.712666784755
100.0,0.0,100.0,0.0,100.0,0.0,100.0,0.0,0.0,0.0,100.0,100.0,100.0,100.0,100.0,100.0,1193.132949231638,2835.867050768362,4029.0,0.0,2089.625174097545,747.3910234032035,1983.3478225430147,1373.4719925692941,4029.0,2655.5280074307057,2045.6521774569853,3281.6089765967963,4029.0,1939.374825902455,4029.0,4029.0,15,15,12,-1,10,4,14,11,0,11,14,4,2,10,6,13,19319.471332836933,3431.8515529009433
100.0,0.0,100.0,0.0,100.0,0.0,100.0,0.0,0.0,0.0,100.0,100.0,100.0,100.0,100.0,99.97517994539588,1568.758132071543,2460.2418679284565,2378.74596464438,1650.25403535562,827.5245812194191,1376.2035638658397,1944.778284502374,1375.8808763264587,4029.0,2653.1191236735413,2084.221715497626,2652.7964361341606,4029.0,3201.475418780581,4029.0,4029.0,15,15,12,12,10,4,14,11,0,11,14,4,2,10,6,13,19320.0,0.0
100.0,0.0,100.0,0.0,100.0,0.0,100.0,0.0,0.0,0.0,100.0,100.0,100.0,100.0,100.0,100.0,1002.8161906097635,3026.1838093902365,2108.400838976837,1920.5991610231633,934.3689367090378,1636.5137510991913,2226.6326512365813,1379.219767470662,4029.0,2649.780232529338,1802.367348763419,2392.486248900809,4029.0,3094.631063290962,4029.0,4029.0,15,15,12,12,10,4,14,11,0,11,14,4,2,10,6,13,19320.0,4803.607051018884
100.0,0.0,0.0,0.0,100.0,100.0,100.0,0.0,0.0,0.0,100.0,100.0,100.0,100.0,100.0,100.0,-566.4624213684419,4595.462421368442,1658.90815548638,2370.0918445136203,608.8271237936713,1487.439038484217,2217.7319833386555,2640.542089538125,4029.0,1388.4579104618751,1811.2680166613445,2541.560961515783,4029.0,3420.1728762063285,4029.0,4029.0,15,15,12,12,10,4,14,11,0,11,14,4,5,10,6,13,19348.942665673865,3451.526475645739
0.0,0.0,0.0,0.0,100.0,100.0,100.0,0.0,99.97517994539588,0.0,99.97517994539588,100.0,100.0,100.0,100.0,100.0,1155.8844302056289,4029.0,785.2677334277977,4029.0,308.3269843455911,1559.7831897569076,2222.182315888616,4029.0,0.0,2087.847836366573,1806.817684111384,2469.2168102430924,4029.0,3720.6730156544086,4029.0,4029.0,8,15,8,12,10,4,14,11,-1,8,14,4,5,10,6,13,17940.0,3916.679054080864
0.0,0.0,0.0,0.0,100.0,0.0,100.0,0.0,100.0,0.0,100.0,100.0,100.0,100.0,100.0,0.0,1300.9264878226222,2455.2335438220002,679.8929542607377,4029.0,2264.916791911,977.601747386012,1566.8708740883912,4029.0,455.5847080509508,2048.18055791664,1068.4333591848813,2595.8135445630373,1393.695766726728,1764.083208089,1573.7664561779998,4029.0,8,6,8,12,10,4,14,11,4,8,14,4,14,10,6,13,18660.0,3073.504217938681
0.0,0.0,0.0,0.0,100.0,0.0,100.0,0.0,100.0,0.0,100.0,100.0,100.0,100.0,100.0,100.0,1221.1742433944216,4029.0,696.9685468695502,4029.0,1937.0710739803023,1093.6093145769387,1619.9028732252325,4029.0,943.4895612754408,2110.857209736028,1050.2600200348256,1991.9011241476207,1358.837106739942,2091.928926019698,4029.0,4029.0,8,6,8,12,10,4,14,11,4,8,14,4,14,10,15,13,18659.01712583768,0.0
0.0,0.0,0.0,0.0,99.97517994539588,0.0,100.0,0.0,100.0,0.0,100.0,100.0,100.0,100.0,99.97517994539588,100.0,868.2233313187886,4029.0,387.42320333583757,4029.0,1987.5264346600377,1290.6395901716933,659.8587283143275,4029.0,574.524280665733,2773.353465345374,1490.587405686861,2163.8361291625733,1878.553865998811,2041.4735653399625,4029.0,4029.0,8,6,8,12,10,4,14,11,4,8,14,4,14,10,15,13,18630.0,3048.4669874328993
100.0,0.0,0.0,0.0,100.0,0.0,100.0,0.0,100.0,0.0,100.0,100.0,0.0,100.0,100.0,100.0,1155.639482828539,4029.0,701.5504890931343,4029.0,1960.987616159789,2059.002085381657,1380.3181776191323,4029.0,1557.6187274814697,2171.8100280783265,1148.1635763873755,412.3791871368733,1500.5182459934922,2068.012383840211,4029.0,4029.0,8,6,8,0,10,4,14,11,4,8,14,4,14,10,15,13,19290.0,6630.004473873347
100.0,0.0,100.0,100.0,100.0,0.0,100.0,0.0,100.0,0.0,100.0,0.0,0.0,100.0,100.0,100.0,1177.7717112810822,4029.0,690.2938049648155,4029.0,1988.0753079873343,1866.503531476792,1378.8332113683703,4029.0,2162.496468523208,2160.9344837541025,1141.1168365243698,4029.0,1509.04995210726,2040.9246920126657,4029.0,4029.0,8,6,8,0,10,4,14,2,4,8,14,3,14,10,15,13,19290.0,0.0
100.0,0.0,100.0,100.0,100.0,0.0,100.0,0.0,100.0,0.0,100.0,0.0,0.0,100.0,100.0,100.0,1141.2949566919488,4029.0,713.9170907134512,4029.0,1747.480056485,1955.5147413056106,1401.3404850593502,4029.0,2073.4852586943894,2173.7879525946,1142.8467601768834,4029.0,1484.8127547637666,2281.519943515,4029.0,4029.0,8,6,8,0,10,4,14,2,4,8,14,3,14,10,15,13,18599.471332836933,1894.2144872060521
100.0,0.0,100.0,100.0,100.0,0.0,0.0,0.0,100.0,0.0,100.0,0.0,0.0,100.0,100.0,99.97517994539588,1218.077270224549,1431.0191404210232,700.5493455423535,4029.0,1793.4805267379954,1885.4208681561588,1420.2608661923512,4029.0,2143.5791318438414,2110.3733842330976,1151.7504689453544,4029.0,1456.9886648622944,2235.5194732620043,2597.9808595789764,4029.0,8,15,8,0,10,4,14,2,4,8,14,3,14,10,15,13,18629.471332836933,3877.6975464658826
100.0,0.0,0.0,100.0,100.0,0.0,0.0,0.0,100.0,100.0,100.0,100.0,0.0,0.0,100.0,99.97517994539588,1182.8466108903806,1327.880968979061,682.0131486286648,4029.0,1748.9635006156388,2159.490581860843,1679.1150060097846,4029.0,1869.5094181391567,2164.1402404809546,600.6532814287211,4029.0,1749.2317125614945,2280.036499384361,2701.1190310209386,4029.0,8,15,8,0,10,4,14,11,4,8,14,3,14,10,15,9,18629.471332836933,1765.9551414928665
100.0,0.0,0.0,100.0,100.0,0.0,0.0,0.0,99.97517994539588,100.0,100.0,100.0,0.0,0.0,100.0,100.0,893.1954009059524,1358.8655562073022,412.3952743653658,4029.0,1419.7944377442038,1900.4504433834056,1242.8333015466296,2575.2419628191765,2128.5495566165946,2723.4093247286814,1453.7580371808233,4029.0,1366.3722607091665,4029.0,2670.1344437926978,4029.0,8,15,8,0,14,4,14,11,4,8,11,3,14,10,15,9,18629.545793000747,1784.5334898797119
100.0,0.0,0.0,0.0,99.97517994539588,0.0,0.0,100.0,100.0,100.0,100.0,100.0,0.0,0.0,100.0,100.0,1175.9116971562967,1253.504501580682,728.5004846389365,4029.0,1808.2187327687561,2156.7142617779646,1647.9520505120652,4029.0,1872.285738222035,2124.587818204767,4029.0,0.0,572.8292167191785,4029.0,2775.4954984193178,4029.0,8,15,8,0,14,4,14,11,4,8,7,-1,14,10,15,9,20040.0,3566.9594100660292
100.0,0.0,100.0,0.0,100.0,0.0,0.0,100.0,100.0,100.0,100.0,100.0,0.0,100.0,100.0,100.0,1148.8437912190066,1267.0460651495634,658.0269914089888,4029.0,2047.8888733620145,1944.205192910675,1981.1111266379858,4029.0,2084.7948070893253,2222.1292173720044,4029.0,4029.0,4029.0,4029.0,2761.953934850437,4029.0,8,15,8,0,14,4,14,11,4,8,7,13,2,10,15,9,20010.0,712.0092124906732
100.0,100.0,100.0,0.0,100.0,0.0,0.0,100.0,100.0,0.0,100.0,100.0,0.0,100.0,100.0,100.0,1129.9264516164938,1164.2798961740211,675.8374578810892,4029.0,2041.2110915814021,2071.9673827649494,1987.7889084185977,4029.0,1957.0326172350506,2223.236090502417,4029.0,4029.0,4029.0,4029.0,2864.7201038259786,4029.0,8,15,8,0,14,4,14,11,4,8,7,13,2,10,15,1,19320.0,1091.583565790876
100.0,100.0,100.0,0.0,100.0,0.0,0.0,0.0,100.0,0.0,100.0,100.0,0.0,100.0,100.0,100.0,1106.3183934452397,1198.970810645669,615.5015936352221,4029.0,2081.2777787926743,1511.9969363794116,1947.7222212073254,4029.0,2517.0030636205884,2307.180012919538,1449.2497421550001,4029.0,4029.0,4029.0,2830.029189354331,2579.750257845,8,15,8,0,14,4,14,11,4,8,1,13,2,10,15,1,18629.471332836933,2857.783073158614
100.0,100.0,0.0,0.0,100.0,0.0,0.0,0.0,100.0,0.0,99.97517994539588,100.0,0.0,100.0,100.0,100.0,791.4623242305831,1014.5741261765578,300.64553379593406,4029.0,2084.616669070204,1657.5240095511806,1944.383330929796,4029.0,2371.475990448819,2936.892141973483,1536.5549576983249,4029.0,610.6687917256781,3418.3312082743214,3014.425873823442,2492.445042301675,8,15,8,0,14,4,14,11,4,8,1,13,10,10,15,1,18629.545793000747,0.0
100.0,99.97517994539588,0.0,0.0,100.0,0.0,0.0,0.0,100.0,0.0,100.0,100.0,0.0,100.0,100.0,100.0,653.4343717311426,1172.2505543604643,-381.62171706574617,4029.0,2092.963895938516,1751.1989524402552,1936.036104061484,4029.0,2277.801047559745,3757.187345334604,1562.708083502072,4029.0,920.8843861841885,3108.1156138158117,2856.7494456395357,2466.2919164979276,8,15,8,0,14,4,14,11,4,8,1,13,10,10,15,1,19319.01712583768,4499.999999999999
100.0,99.97517994539588,0.0,100.0,100.0,0.0,0.0,0.0,99.97517994539588,0.0,100.0,100.0,0.0,100.0,100.0,100.0,884.665644764736,1030.7242728173098,4029.0,4029.0,2134.7000280332295,1751.1989524402552,1894.2999719667705,4029.0,2277.801047559745,3144.3343552352635,1803.5748871434248,4029.0,1114.186296991713,2914.8137030082867,2998.27572718269,2225.4251128565747,8,15,3,0,14,4,14,11,4,8,1,13,10,10,15,1,19320.0,3836.4498182887965
0.0,100.0,0.0,100.0,100.0,0.0,0.0,100.0,100.0,0.0,100.0,100.0,0.0,100.0,100.0,100.0,957.9078442034777,1052.2410603795659,4029.0,1976.102654910549,2628.8558674408714,2263.7186884253733,1400.1441325591288,4029.0,1765.2813115746267,3071.092155796522,2052.897345089451,4029.0,1168.4906265806383,2860.5093734193615,2976.758939620434,4029.0,8,15,3,7,14,4,14,11,4,8,7,13,10,10,15,1,19320.0,4409.175905491045
0.0,100.0,0.0,100.0,100.0,0.0,0.0,100.0,100.0,0.0,100.0,100.0,0.0,100.0,100.0,100.0,927.3180869763219,1002.9017065536391,4029.0,1996.1360010688506,4029.0,1258.8986611035484,2770.1013388964516,4029.0,0.0,3101.681913023678,2032.8639989311496,4029.0,1235.3437545546522,2793.656245445348,3026.098293446361,4029.0,8,15,3,7,14,4,4,11,-1,8,7,13,10,10,15,1,20699.471332836933,0.0
100.0,100.0,0.0,100.0,100.0,0.0,100.0,100.0,100.0,0.0,99.97517994539588,100.0,0.0,100.0,100.0,100.0,883.9216399802406,2014.5,4029.0,1986.1193228247455,4029.0,4029.0,4029.0,4029.0,4029.0,3145.078360019759,2042.8806771752543,4029.0,1065.884212280855,2963.1157877191445,2014.5,4029.0,8,15,3,7,14,4,6,11,0,8,7,13,10,10,15,1,19950.0,3730.2422830334954
100.0,100.0,0.0,100.0,100.0,100.0,100.0,100.0,100.0,0.0,100.0,100.0,0.0,0.0,100.0,0.0,995.7470826188619,2133.305764428946,4029.0,1997.8054485568778,4029.0,4029.0,1895.6942355710542,4029.0,4029.0,3033.252917381138,2031.1945514431222,0.0,1192.4630865856818,2836.5369134143184,4029.0,4029.0,8,6,3,7,14,4,6,11,0,8,7,-1,10,10,5,1,19259.471332836933,2175.4601578309953
100.0,0.0,0.0,100.0,100.0,100.0,100.0,100.0,100.0,0.0,100.0,100.0,0.0,0.0,99.97517994539588,0.0,1003.3457388963184,1917.7658911349195,4029.0,2014.5,2097.972231814392,2643.480336272246,2111.2341088650805,4029.0,4029.0,3025.654261103682,2014.5,1385.519663727754,1170.1224158694865,2858.8775841305132,4029.0,1931.0277681856073,8,6,3,7,14,4,6,11,0,8,7,4,10,10,5,14,19949.471332836933,1918.7322713657613
100.0,100.0,0.0,100.0,100.0,100.0,100.0,100.0,100.0,0.0,99.97517994539588,100.0,0.0,0.0,100.0,0.0,1493.249731595745,1688.5030164670868,4029.0,4029.0,2107.9889036682753,2283.0034317079326,2340.496983532913,4029.0,4029.0,2535.7502684042547,4029.0,1745.9965682920674,783.4078991347496,3245.59210086525,4029.0,1921.0110963317247,8,6,3,1,14,4,6,11,0,8,7,4,10,10,5,14,19260.0,705.0988328683399
100.0,100.0,0.0,100.0,100.0,0.0,100.0,100.0,100.0,0.0,100.0,100.0,0.0,0.0,100.0,0.0,1658.0934633622467,2166.513230285388,4029.0,3321.67560768366,1466.9219107390268,2815.559846732232,1862.4867697146117,4029.0,4029.0,2370.9065366377536,4029.0,1213.440153267768,534.7894902888866,3494.2105097111134,707.3243923163398,2562.0780892609737,8,6,3,1,14,4,6,11,0,8,7,4,10,10,1,14,19949.471332836933,4249.362867032055
100.0,100.0,0.0,100.0,100.0,100.0,100.0,100.0,99.97517994539588,0.0,100.0,100.0,0.0,0.0,100.0,0.0,-728.3881564079734,2099.739983202675,4029.0,3184.781097081922,4029.0,2238.5001105068927,1929.2600167973253,4029.0,4029.0,4757.388156407973,4029.0,1790.4998894931073,845.8905715195451,3183.109428480455,844.218902918078,4029.0,8,6,3,1,5,4,6,11,0,8,7,4,10,10,1,14,19949.545793000747,7200.0
100.0,100.0,0.0,100.0,99.97517994539588,100.0,100.0,100.0,100.0,0.0,100.0,100.0,0.0,0.0,100.0,0.0,0.0,1823.9003945892255,4029.0,3336.7006139933064,4029.0,2317.122644914806,2205.0996054107745,4029.0,4029.0,4029.0,4029.0,1711.8773550851934,815.4651299715715,3213.5348700284285,692.2993860066933,4029.0,-1,6,3,1,5,4,6,11,0,8,7,4,10,10,1,14,19229.471332836933,892.0546700265097
100.0,100.0,0.0,100.0,100.0,100.0,100.0,100.0,100.0,0.0,99.97517994539588,0.0,0.0,0.0,100.0,0.0,0.0,2268.9793403873646,4029.0,3271.5922504562645,4029.0,2288.9372084775387,1760.0206596126357,0.0,4029.0,4029.0,4029.0,1740.0627915224613,886.1272817502532,3142.8727182497464,757.4077495437352,4029.0,-1,6,3,1,5,4,6,-1,0,8,7,4,10,10,1,14,19290.0,2219.0369268897484
100.0,100.0,0.0,0.0,100.0,0.0,100.0,100.0,100.0,0.0,100.0,100.0,0.0,0.0,100.0,100.0,1898.7914392375733,2163.5509035376112,0.0,3228.186672890438,4029.0,1846.870902856108,1865.4490964623888,4029.0,4029.0,4029.0,2130.2085607624267,2182.129097143892,917.3583514678282,3111.6416485321715,800.8133271095619,4029.0,15,6,-1,1,7,4,6,11,0,8,15,4,10,10,1,14,19260.0,2037.917972232816
100.0,100.0,100.0,0.0,100.0,100.0,100.0,0.0,100.0,0.0,100.0,100.0,0.0,0.0,0.0,100.0,1909.17554561992,2315.474981479806,0.0,3323.345052912858,4029.0,1915.109307067827,1713.525018520194,4029.0,4029.0,4029.0,2119.82445438008,2113.890692932173,1059.094598986798,2969.9054010132018,705.6549470871419,4029.0,15,6,-1,1,2,4,6,11,0,8,15,4,10,10,1,5,19259.01712583768,0.0
100.0,99.97517994539588,100.0,0.0,100.0,100.0,100.0,0.0,100.0,0.0,100.0,100.0,0.0,0.0,0.0,99.97517994539588,1937.3609853201947,2280.974634104785,0.0,3256.567242439515,4029.0,1971.4801814349362,1748.0253658952156,4029.0,4029.0,4029.0,2091.639014679805,2057.519818565064,1160.4252521004885,2868.5747478995117,772.4327575604844,4029.0,15,6,-1,1,2,4,6,11,0,8,15,4,10,10,1,5,19259.471332836933,8857.19343860626
100.0,100.0,100.0,0.0,100.0,100.0,100.0,0.0,0.0,0.0,100.0,100.0,0.0,0.0,100.0,99.97517994539588,1676.2748278371996,1017.2045956020659,0.0,3198.1366595682202,4029.0,2285.9703207457364,3011.7954043979344,4029.0,4029.0,4029.0,2352.7251721628,1743.0296792542636,1207.9570915509514,2821.042908449049,830.86334043178,4029.0,15,6,-1,1,2,4,6,11,0,14,15,4,10,10,1,5,19980.0,1891.0259976143134
100.0,100.0,100.0,0.0,100.0,100.0,100.0,0.0,0.0,0.0,100.0,100.0,100.0,0.0,100.0,100.0,1611.00329029066,1714.6606997813165,4029.0,3365.081183642802,4029.0,2229.599448430916,2314.3393002186835,4029.0,4029.0,4029.0,2417.99670970934,1799.4005515690842,2540.375299137825,1488.624700862175,663.918816357198,4029.0,15,6,12,1,2,4,6,11,0,14,15,4,10,10,1,5,19290.0,3268.3054112921914
100.0,100.0,0.0,0.0,100.0,100.0,100.0,0.0,0.0,0.0,100.0,100.0,100.0,0.0,100.0,100.0,1094.009662043664,1148.9093299811777,4029.0,3201.4755494743176,2133.030682080698,2355.692190092527,2880.090670018822,4029.0,4029.0,4029.0,1316.526126117464,1673.3078099074728,1895.9693179193016,1618.4642118388717,827.5244505256821,4029.0,15,6,12,1,10,4,6,11,0,14,15,4,10,15,1,5,19290.0,0.0
100.0,100.0,0.0,0.0,100.0,100.0,100.0,0.0,0.0,0.0,100.0,100.0,100.0,0.0,100.0,100.0,1197.6225410516718,809.0773823052791,4029.0,3243.211681158231,2079.608429825898,1557.5992893024577,3219.922617694721,4029.0,4029.0,4029.0,1369.7018978222486,2471.4007106975423,1949.3915701741018,1461.6755611260796,785.7883188417688,4029.0,15,6,12,1,10,4,6,11,0,14,15,4,10,15,1,5,19290.0,3859.142816473892
100.0,100.0,0.0,0.0,100.0,100.0,100.0,0.0,0.0,0.0,100.0,100.0,100.0,0.0,100.0,100.0,1077.7298119213563,841.5408449108786,4029.0,3268.2533594455713,2032.863958791425,2376.4606088551627,3187.4591550891214,4029.0,4029.0,4029.0,1270.5773918806763,1652.5393911448373,1996.1360412085753,1680.6927961979673,760.7466405544285,4029.0,15,6,12,1,10,4,6,11,0,14,15,4,10,15,1,5,19290.0,3377.0658323428047
100.0,100.0,0.0,0.0,100.0,0.0,100.0,100.0,0.0,0.0,100.0,100.0,100.0,0.0,100.0,100.0,1355.850741039154,641.5794190325671,4029.0,3308.3200441931845,2007.8222773460598,2367.5599412550673,3387.420580967433,4029.0,1782.4470114103124,4029.0,4029.0,1661.4400587449327,2021.1777226539402,2673.149258960846,720.6799558068153,2246.5529885896876,15,6,12,1,10,4,6,11,0,14,7,4,10,15,1,0,19290.0,2556.186533281215
100.0,100.0,0.0,0.0,100.0,0.0,100.0,100.0,0.0,0.0,100.0,100.0,100.0,0.0,100.0,100.0,2149.1510062372945,572.5787242825231,4029.0,3495.2979113193933,1994.46671454938,2803.6924295712024,3456.421275717477,4029.0,1780.7775655580679,4029.0,4029.0,1225.3075704287978,2034.53328545062,1879.8489937627055,533.7020886806065,2248.222434441932,15,6,12,1,10,4,6,11,0,14,7,4,10,15,1,0,19290.0,3146.64648168091
